상권_코드_명,시도명,시군구명,행정동명,위도,경도
보문로26길,서울,성북구,안암동,37.58720469,127.0213536
보문로31길,서울,성북구,삼선동,37.58816965,127.0156814
동작구 총신대입구역_1,서울,동작구,사당2동,37.48597766,126.9808236
서울 관악구 신림역_4,서울,관악구,신림동,37.48643614,126.9302137
뱅뱅사거리_1,서울,강남구,도곡1동,37.48862344,127.0334695
뱅뱅사거리,서울,서초구,서초2동,37.49098505,127.0298295
개봉동 현대아파트 인근,서울,구로구,개봉3동,37.48956732,126.8557969
교대역_1,서울,서초구,서초3동,37.49079003,127.0115676
창동역,서울,도봉구,창4동,37.65280638,127.049
서울 노원구 노원역_1,서울,노원구,상계6.7동,37.65411533,127.0626902
서울 노원구 노원역_2,서울,노원구,상계6.7동,37.65463985,127.0589057
서울 노원구 노원역_3,서울,노원구,상계2동,37.6560165,127.0625105
서울 종로구 종로5가역_1,서울,종로구,종로5.6가동,37.5704211,127.0013923
서울 은평구 연신내역_3,서울,은평구,불광2동,37.62069666,126.9204716
서울 강북구 수유역_3,서울,강북구,수유3동,37.64085736,127.027204
구의시장,서울,광진구,구의2동,37.54550242,127.0884672
동부시장,서울,동대문구,답십리1동,37.56730095,127.0526
답십리시장,서울,동대문구,답십리2동,37.57364133,127.0581966
전곡시장,서울,동대문구,장안2동,37.57808652,127.0688302
청량리청과물시장,서울,동대문구,제기동,37.58011692,127.0431899
사당시장,서울,동작구,사당4동,37.48300327,126.9751372
남부종합시장,서울,서초구,방배본동,37.49477208,126.9848923
양재시장,서울,서초구,양재1동,37.48407188,127.0383066
등마루시장,서울,강서구,등촌1동,37.55670622,126.8601607
신월중앙시장,서울,강서구,등촌3동,37.55884882,126.8443457
남성역골목시장,서울,동작구,사당4동,37.48348922,126.9724574
서울 서초구 남부터미널역_3,서울,서초구,서초1동,37.48678,127.0161916
동작구 총신대입구역_2,서울,서초구,방배4동,37.48591493,126.9830284
양재역_3,서울,서초구,서초2동,37.48651571,127.0311506
양재역_2,서울,서초구,양재1동,37.48365803,127.0363617
서울 관악구 신림역_1,서울,관악구,서원동,37.48295743,126.9288376
서울 관악구 신림역_2,서울,관악구,서원동,37.48284146,126.930805
서울 서초구 남부터미널역_1,서울,서초구,서초1동,37.48431987,127.0187803
동일로173가길,서울,노원구,공릉1동,37.6220437,127.0724389
동일로192길,서울,노원구,공릉1동,37.62581687,127.0755691
동일로242길,서울,노원구,상계1동,37.67488501,127.058661
이태원로54길,서울,용산구,한남동,37.53654357,127.0013691
장문로45길,서울,용산구,보광동,37.52870487,127.0004638
청파로47길,서울,용산구,청파동,37.54454911,126.96792
길동복조리시장,서울,강동구,길동,37.53844739,127.1436749
사가정시장,서울,중랑구,면목3.8동,37.58126146,127.0904454
중화제일시장,서울,중랑구,묵2동,37.60481491,127.0754459
태능시장,서울,중랑구,중화2동,37.59826401,127.0765377
묵1동도깨비시장,서울,중랑구,묵1동,37.61687551,127.0809515
우림골목시장,서울,중랑구,망우본동,37.59766245,127.0980521
유영시장,서울,중랑구,망우3동,37.59157275,127.0968439
돈암제일시장,서울,성북구,삼선동,37.59189072,127.0158746
영천시장,서울,서대문구,천연동,37.57045981,126.9612983
교대역_2,서울,서초구,서초1동,37.49326729,127.0159668
역삼역_1,서울,강남구,역삼1동,37.49411846,127.0372262
교대역_3,서울,서초구,서초3동,37.49424084,127.0120431
가락시장,서울,송파구,가락1동,37.49406981,127.1134878
방배동카페골목,서울,서초구,방배본동,37.49467315,126.986385
서울 강남구 강남역_1,서울,서초구,서초2동,37.49534653,127.0273208
서울 광진구 군자역,서울,광진구,군자동,37.55666383,127.078487
학동사거리_1,서울,강남구,논현2동,37.52150924,127.0364932
관악구 사당역_3,서울,관악구,남현동,37.47552598,126.9809732
포이사거리_2,서울,서초구,양재2동,37.47659146,127.0441703
포이사거리_1,서울,강남구,개포4동,37.47700518,127.0461038
장지역,서울,송파구,문정2동,37.47724848,127.1220432
가산디지털단지역_1,서울,금천구,가산동,37.47198422,126.8845673
구로디지탈1단지,서울,구로구,구로3동,37.48380626,126.8950868
서울 서초구 남부터미널역_2,서울,서초구,서초3동,37.48642893,127.0136927
서울 관악구 신림역_3,서울,관악구,신림동,37.48548907,126.9285299
서울 강남구 수서역,서울,강남구,수서동,37.48763689,127.1033808
해등로16길,서울,도봉구,창5동,37.65547575,127.0426669
공릉로58길,서울,노원구,하계1동,37.63615219,127.0739707
정릉로27길,서울,성북구,정릉2동,37.60697367,127.0128654
정릉로8길,서울,성북구,정릉3동,37.60714554,126.9979275
우이천로4다길,서울,도봉구,창3동,37.63521345,127.0403101
이태원제일시장,서울,용산구,이태원2동,37.53914684,126.9877913
보광시장,서울,용산구,보광동,37.52702,127.0003733
남평화시장,서울,중구,신당동,37.56916823,127.01081
동평화시장,서울,중구,신당동,37.56924909,127.0130739
제일평화시장,서울,중구,신당동,37.56837528,127.0115683
종암로16길,서울,성북구,종암동,37.598247,127.0369496
청평화시장,서울,중구,신당동,37.56959124,127.0150096
약수시장,서울,중구,약수동,37.55277912,127.0105587
백학시장,서울,중구,신당5동,37.56369808,127.0194001
서울중앙시장,서울,중구,황학동,37.56695965,127.0196386
조양시장,서울,광진구,자양4동,37.53891195,127.0674817
연서시장,서울,은평구,불광2동,37.61957123,126.9216735
갈현시장,서울,은평구,갈현1동,37.6237399,126.9174099
역촌중앙시장,서울,은평구,갈현2동,37.61327859,126.9162209
대조시장,서울,은평구,대조동,37.60950151,126.9268598
포스코사거리_1,서울,강남구,삼성2동,37.50896056,127.0540067
포스코사거리_2,서울,강남구,삼성1동,37.50973437,127.0562468
강남구 논현역_3,서울,강남구,논현1동,37.51210638,127.0218411
선정릉역_2,서울,강남구,삼성2동,37.51196421,127.0462045
서울 강남구 학동역_1,서울,강남구,논현1동,37.51261829,127.0294761
코엑스,서울,강남구,삼성1동,37.51107515,127.0597541
삼성역_3,서울,강남구,삼성1동,37.51170369,127.063883
서울 서초구 서초역,서울,서초구,서초3동,37.49331308,127.0089446
서울 송파구 가락시장역,서울,송파구,가락본동,37.49393806,127.1191868
가산디지털단지역_3,서울,금천구,가산동,37.47843726,126.8864341
서울 관악구 서울대입구역_2,서울,관악구,행운동,37.48387124,126.9548417
양재역_1,서울,서초구,양재1동,37.48195645,127.0317592
서울 금천구 시흥1동_4,서울,금천구,시흥1동,37.45294317,126.9015155
서울 강남구 대치역_2,서울,강남구,대치1동,37.49350556,127.0597061
양재 화물트럭터미널앞_1,서울,서초구,양재2동,37.46195288,127.0357295
양재 화물트럭터미널앞_2,서울,서초구,양재2동,37.46448435,127.0369515
양재동 꽃시장,서울,서초구,양재2동,37.46679893,127.0400951
서울 금천구 독산1동_1,서울,금천구,독산1동,37.47001303,126.8964739
서울 관악구 대학동_1,서울,관악구,대학동,37.47045749,126.9397583
아차산로78길,서울,광진구,광장동,37.54628822,127.1078297
용마산로21길,서울,광진구,중곡2동,37.56270496,127.0850693
용마산로3길,서울,광진구,중곡2동,37.5565603,127.0848813
자양로11길,서울,광진구,자양1동,37.53391961,127.082887
장월로1길,서울,성북구,월곡2동,37.60613693,127.0448697
장위로50길,서울,성북구,장위3동,37.61465503,127.0570619
정릉로26길,서울,성북구,정릉2동,37.60382034,127.0115738
방산종합시장,서울,중구,을지로동,37.56803347,127.0001245
통인시장,서울,종로구,청운효자동,37.5806796,126.9699084
광장시장,서울,종로구,종로1.2.3.4가동,37.56997061,126.9994114
동대문종합시장,서울,종로구,종로5.6가동,37.57042083,127.0080935
종로신진시장,서울,종로구,종로5.6가동,37.57036693,127.0052976
충신시장,서울,종로구,종로5.6가동,37.57410604,127.0057167
동문시장,서울,종로구,창신1동,37.57053771,127.0111272
창신골목시장,서울,종로구,창신2동,37.57285323,127.0115237
신설종합시장,서울,종로구,숭인2동,37.57266272,127.0209872
후암시장,서울,용산구,후암동,37.55063283,126.9762804
신흥시장,서울,용산구,용산2가동,37.54525531,126.9850632
용문전통시장,서울,용산구,용문동,37.53654591,126.9602636
이촌종합시장,서울,용산구,이촌1동,37.52060217,126.9747628
이태원시장,서울,용산구,이태원1동,37.53389416,126.9893987
강남구 논현역_1,서울,서초구,반포1동,37.50677241,127.0219414
신천역,서울,송파구,잠실본동,37.51020605,127.0817071
선정릉역_1,서울,강남구,삼성2동,37.51066651,127.0468371
강남구 논현역_2,서울,강남구,논현1동,37.50806926,127.0249729
만리시장,서울,용산구,청파동,37.55128735,126.9636734
신도림역,서울,구로구,신도림동,37.50830905,126.8900534
뱅뱅사거리_2,서울,강남구,역삼1동,37.49169615,127.0324871
서울 강남구 대치역_1,서울,강남구,대치1동,37.49328826,127.061764
관악구 사당역_2,서울,동작구,사당1동,37.47816587,126.9805656
가산디지털단지역_2,서울,금천구,가산동,37.48187277,126.8800183
관악구 사당역_1,서울,서초구,방배2동,37.47817528,126.9831885
서울 관악구 서울대입구역_1,서울,관악구,청룡동,37.48073476,126.9523789
구로디지털단지역,서울,구로구,가리봉동,37.48080875,126.8883639
잠실역 롯데월드,서울,송파구,잠실3동,37.51137391,127.0980749
보라매공원,서울,동작구,신대방2동,37.49117227,126.9250417
원효로53길,서울,용산구,용문동,37.53733049,126.9624469
원효로89길,서울,용산구,원효로1동,37.5412787,126.9687022
이촌로22길,서울,용산구,이촌2동,37.52582235,126.9556649
이태원로27길,서울,용산구,이태원1동,37.53597579,126.993811
아차산로51길,서울,광진구,구의1동,37.539901,127.0846587
아차산로55길,서울,광진구,구의1동,37.53934932,127.0874981
아차산로65길,서울,광진구,구의3동,37.5427331,127.0927072
화양제일골목시장,서울,광진구,화양동,37.54295658,127.068979
중곡제일시장,서울,광진구,중곡1동,37.5638159,127.0812223
면곡골목시장,서울,광진구,중곡3동,37.57106923,127.0807547
신성골목시장,서울,광진구,중곡4동,37.55788221,127.0883686
자양골목시장,서울,광진구,자양1동,37.53425519,127.0796741
자양종합시장,서울,광진구,자양2동,37.53185168,127.0764019
노룬산골목시장,서울,광진구,자양4동,37.53659779,127.0649678
능동로골목시장,서울,광진구,자양3동,37.53511015,127.0667428
영동교골목시장,서울,광진구,자양4동,37.53803093,127.0639733
남대문시장,서울,중구,회현동,37.55986846,126.9783939
신중부시장,서울,중구,광희동,37.56560078,127.0002603
인현시장,서울,중구,광희동,37.56325808,126.9950651
평화시장,서울,중구,광희동,37.56887112,127.0080368
은마아파트입구사거리_3,서울,강남구,대치4동,37.49906476,127.0597332
은마아파트입구사거리_4,서울,강남구,대치2동,37.49975746,127.0618146
서울 강남구 한티역,서울,강남구,대치4동,37.49817571,127.0535806
서울 광진구 건대입구역_2,서울,광진구,화양동,37.54169481,127.0696001
서울 마포구 마포역_2,서울,마포구,용강동,37.54054031,126.9451897
서울 마포구 공덕역_1,서울,마포구,공덕동,37.54293977,126.9515925
삼정역_1,서울,강남구,역삼1동,37.50754369,127.0364411
삼정역_2,서울,강남구,논현2동,37.50844507,127.0352201
삼성역_2,서울,강남구,대치2동,37.50835127,127.0651356
보문로32길,서울,성북구,동선동,37.59074581,127.0201317
삼선교로10길,서울,성북구,삼선동,37.58680979,127.0096691
삼선교로10다길,서울,성북구,삼선동,37.58469253,127.0087517
삼선교로16가길,서울,성북구,삼선동,37.58440397,127.0115482
우사단로4길,서울,용산구,보광동,37.5307141,126.9985066
원효로19길,서울,용산구,원효로2동,37.53319175,126.9535901
원효로41길,서울,용산구,원효로2동,37.53482377,126.9567797
성동용답상가시장,서울,성동구,용답동,37.56360698,127.0523484
동부청과시장,서울,동대문구,용신동,37.57735995,127.0429732
경동시장,서울,동대문구,제기동,37.57930747,127.0390233
동서시장,서울,동대문구,제기동,37.57985627,127.0414123
서울약령시장,서울,동대문구,제기동,37.58213708,127.0375077
청량리농수산물시장,서울,동대문구,제기동,37.58107269,127.0411866
청량리전통시장,서울,동대문구,제기동,37.58078385,127.0426355
청량리종합시장,서울,동대문구,제기동,37.57944217,127.0403706
전농로터리시장,서울,동대문구,전농1동,37.57770553,127.056728
용두시장,서울,동대문구,용신동,37.57848126,127.0297624
청량리수산시장,서울,동대문구,용신동,37.57822543,127.041502
답십리현대시장,서울,동대문구,답십리2동,37.56677511,127.0594816
한아름시장,서울,광진구,화양동,37.54353268,127.0698961
서울 서초구 강남역,서울,강남구,역삼1동,37.50203121,127.0305463
고속터미널역,서울,서초구,반포4동,37.50474704,127.0058584
서울 강남구 선릉역_2,서울,강남구,역삼1동,37.50494573,127.045318
삼성역_1,서울,강남구,대치2동,37.50667794,127.0603613
서울 강남구 강남역,서울,강남구,역삼1동,37.49603053,127.0304873
오류동역,서울,구로구,오류1동,37.49548837,126.8427923
은마아파트입구사거리_2,서울,강남구,대치2동,37.49902736,127.0623568
인촌로5길,서울,성북구,안암동,37.58906989,127.0205615
인촌로6길,서울,성북구,보문동,37.58293399,127.0213523
천호대로77길,서울,동대문구,장안1동,37.56389928,127.0626712
천호대로97길,서울,동대문구,장안1동,37.56275064,127.0704347
한천로14길,서울,동대문구,장안1동,37.56702426,127.0653904
한천로33길,서울,동대문구,전농2동,37.57736673,127.0670862
보국문로16길,서울,성북구,정릉4동,37.61256006,127.0102274
보문로13길,서울,성북구,보문동,37.58004189,127.0208421
방학로15길,서울,도봉구,방학3동,37.65939125,127.0241735
방학로5길,서울,도봉구,쌍문2동,37.65973911,127.0376147
방학로6가길,서울,도봉구,방학1동,37.66443332,127.0373111
삼양로144길,서울,도봉구,쌍문1동,37.65090565,127.0138928
시루봉로23길,서울,도봉구,도봉1동,37.67289178,127.0424615
방학로10길,서울,도봉구,방학2동,37.66426319,127.0337862
우이천로32길,서울,도봉구,쌍문1동,37.65019197,127.0253603
회기시장,서울,동대문구,회기동,37.59111286,127.055572
이경시장,서울,동대문구,휘경1동,37.59470239,127.066094
이문제일시장,서울,동대문구,이문2동,37.60455223,127.0624108
동부골목시장,서울,중랑구,상봉2동,37.59243436,127.0769054
동원시장,서울,중랑구,면목본동,37.58990176,127.0907276
면목골목시장,서울,중랑구,면목7동,37.57790492,127.0848376
합동(새벽)시장,서울,중구,중림동,37.56008223,126.9675965
마장축산물시장,서울,성동구,마장동,37.57020698,127.0403656
행당시장,서울,성동구,행당1동,37.56095592,127.0333999
금남시장,서울,성동구,금호2.3가동,37.54854279,127.0222931
뚝도시장,서울,성동구,성수2가1동,37.53821588,127.0545031
서울 강남구 강남구청역_2,서울,강남구,논현2동,37.51687761,127.0379727
영등포역_1,서울,영등포구,영등포동,37.51724615,126.9103672
강남구 신사역_2,서울,강남구,논현1동,37.51689938,127.0235845
문래동 주민센터,서울,영등포구,문래동,37.51570497,126.8986505
영등포역_2,서울,영등포구,영등포동,37.51829004,126.9087031
선릉역_2,서울,강남구,대치4동,37.50406854,127.0530306
서울 송파구 석촌역_2,서울,송파구,송파1동,37.50621177,127.1077155
서울 강남구 선릉역_1,서울,강남구,삼성2동,37.50596192,127.0501366
천호대로17길,서울,동대문구,용신동,37.57627314,127.032354
천호대로45길,서울,동대문구,용신동,37.57523364,127.0428701
휘경로3길,서울,동대문구,이문1동,37.59750614,127.0630504
인촌로17가길,서울,성북구,안암동,37.58762772,127.0236747
인촌로1길,서울,성북구,보문동,37.58731322,127.0189873
개운사길,서울,성북구,안암동,37.58799582,127.0294832
인촌로24길,서울,성북구,안암동,37.58388729,127.0294815
은행정로7길,서울,양천구,신정4동,37.52268118,126.8573961
성대로29길,서울,동작구,상도4동,37.50030685,126.9377552
신대방길,서울,동작구,신대방1동,37.48900863,126.9103557
양녕로26길,서울,동작구,상도4동,37.49659777,126.9438649
증산로13길,서울,은평구,증산동,37.58813732,126.9112446
증산로15길,서울,은평구,신사2동,37.58997283,126.9079702
방이동 먹자골목,서울,송파구,방이2동,37.51414853,127.1088919
학동역,서울,강남구,논현1동,37.51434828,127.0292393
강남구 논현역_4,서울,서초구,잠원동,37.51323315,127.0188441
잠실역,서울,송파구,잠실6동,37.5153706,127.1025141
서울 강남구 강남구청역_1,서울,강남구,논현2동,37.51569683,127.0393974
서울 강남구 학동역_3,서울,강남구,논현2동,37.51552764,127.0328593
서울 동작구 노량진1동_1,서울,동작구,노량진1동,37.51479713,126.9419283
서울 강남구 학동역_2,서울,강남구,논현2동,37.51425716,127.0330963
강남구 신사역_1,서울,서초구,잠원동,37.51647698,127.0174423
백범로79길,서울,용산구,효창동,37.54066472,126.9641424
백범로90길,서울,용산구,원효로1동,37.5370171,126.9692018
서빙고로71길,서울,용산구,서빙고동,37.52222657,126.995181
소월로20길,서울,용산구,용산2가동,37.54409307,126.9854481
신흥로20길,서울,용산구,후암동,37.54708411,126.9833993
제기로5길,서울,동대문구,제기동,37.58764276,127.0355404
천장산로7길,서울,동대문구,이문1동,37.59845564,127.0562116
천호대로12길,서울,동대문구,용신동,37.57212939,127.0291713
종로24길,서울,종로구,종로1.2.3.4가동,37.5694929,126.9935705
종로58가길,서울,종로구,숭인2동,37.57246522,127.0164139
국사봉2길,서울,동작구,신대방2동,37.49729264,126.9291519
국사봉길,서울,동작구,상도3동,37.49581682,126.9322744
노량진로6길,서울,동작구,노량진2동,37.50964926,126.9358586
대방동27길,서울,동작구,대방동,37.50341637,126.924136
자하문로7길,서울,종로구,사직동,37.57908495,126.9703279
강서로29길,서울,강서구,화곡1동,37.53909263,126.8396232
강서로35길,서울,강서구,화곡3동,37.54267387,126.8361756
서대문구 서대문역_2,서울,서대문구,충현동,37.56540648,126.9653304
서울 중구 신당역_2,서울,중구,신당동,37.56674415,127.014511
서울 중구 을지로3가역_2,서울,중구,을지로동,37.56737546,126.9918389
서울 강북구 미아삼거리역_2,서울,성북구,길음2동,37.61324174,127.0288136
서울 은평구 연신내역_1,서울,은평구,대조동,37.61799387,126.9207237
서울 은평구 연신내역_2,서울,은평구,갈현1동,37.61911006,126.9191933
서울 강북구 수유역_1,서울,강북구,번1동,37.63755102,127.0259905
서울 강북구 수유역_2,서울,강북구,수유3동,37.63867753,127.0246993
등나무근린공원 주변,서울,노원구,중계2.3동,37.64048932,127.0683439
서울 강남구 역삼역_1,서울,강남구,역삼1동,37.49756095,127.0351358
대림역_2,서울,구로구,구로5동,37.49823703,126.8913687
역삼역_2,서울,강남구,역삼2동,37.50099229,127.039842
구로역,서울,구로구,구로5동,37.50169774,126.8828252
선릉역_1,서울,강남구,역삼2동,37.5030531,127.0466514
서울 강남구 강남역_2,서울,서초구,서초4동,37.50085228,127.0246086
석촌역,서울,송파구,석촌동,37.5045998,127.1067971
서울 송파구 석촌역_1,서울,송파구,송파1동,37.50538222,127.1083929
서울 동작구 노량진역,서울,동작구,노량진1동,37.51287005,126.9441354
낙성대시장,서울,관악구,낙성대동,37.47818636,126.9561453
봉천제일종합시장,서울,관악구,청룡동,37.48114608,126.9451314
도곡시장,서울,강남구,역삼2동,37.49749189,127.0514654
강남개포시장,서울,강남구,개포2동,37.48922096,127.068579
화곡본동시장,서울,강서구,화곡본동,37.54336006,126.84388
까치산시장,서울,강서구,화곡8동,37.53260645,126.8471834
송화골목시장,서울,강서구,발산1동,37.5493494,126.8355499
중부시장,서울,관악구,행운동,37.48444839,126.9561869
방신전통시장,서울,강서구,방화1동,37.57141647,126.8124997
공항시장,서울,강서구,방화2동,37.5624538,126.8082778
독산동 우시장,서울,금천구,독산1동,37.46689561,126.8965687
남문시장,서울,금천구,독산3동,37.47366608,126.9011039
푸른터시장,서울,금천구,독산3동,37.47806327,126.9014147
대명시장,서울,금천구,시흥1동,37.45414213,126.9022598
현대시장,서울,금천구,시흥1동,37.45710695,126.902855
박미시장,서울,금천구,시흥3동,37.44018775,126.9051143
은행나무시장,서울,금천구,시흥5동,37.45130975,126.9095531
강남시장_강남,서울,강남구,신사동,37.51878302,127.0206893
녹번시장,서울,은평구,응암1동,37.60101675,126.9311147
신응암시장,서울,은평구,응암2동,37.59424233,126.9185975
대림골목시장,서울,은평구,응암3동,37.58709656,126.9172919
새마을시장,서울,송파구,잠실본동,37.50905053,127.0848727
노량진중앙시장,서울,동작구,노량진1동,37.5121495,126.9446676
본동인정시장,서울,동작구,노량진1동,37.51178273,126.9506286
신노량진시장,서울,동작구,노량진2동,37.50849799,126.9396938
강남시장_동작,서울,동작구,상도1동,37.49692627,126.9533864
상도전통시장,서울,동작구,상도1동,37.49916026,126.9521184
영도시장,서울,동작구,상도2동,37.5042907,126.9404888
성대시장,서울,동작구,상도3동,37.49976268,126.9313096
증산종합시장,서울,은평구,증산동,37.58168154,126.9052407
수일시장,서울,은평구,수색동,37.58309657,126.8951401
관악신사시장,서울,관악구,신사동,37.48619323,126.9168492
신림종합시장,서울,관악구,신사동,37.48465266,126.9170657
강남골목시장,서울,관악구,조원동,37.48267022,126.9048232
신림중앙시장,서울,관악구,조원동,37.48327012,126.911561
삼성동시장,서울,관악구,삼성동,37.47079586,126.9323535
신신림시장,서울,관악구,삼성동,37.47072362,126.932071
미성동도깨비시장,서울,관악구,미성동,37.47426364,126.9165233
우림시장,서울,관악구,난곡동,37.47022077,126.9203826
영진시장A동,서울,영등포구,신길6동,37.50035628,126.9157478
우리시장,서울,영등포구,대림1동,37.49688808,126.9047825
대림중앙시장,서울,영등포구,대림2동,37.49085586,126.8993625
구로시장,서울,구로구,구로4동,37.48899603,126.8853553
남구로시장,서울,구로구,구로4동,37.49011422,126.886326
가리봉시장,서울,구로구,가리봉동,37.48157553,126.8893464
고척근린시장,서울,구로구,고척2동,37.50227391,126.8504797
개봉중앙시장,서울,구로구,개봉2동,37.49229495,126.8538241
오류시장,서울,구로구,오류1동,37.49655211,126.8432085
풍납시장,서울,송파구,풍납1동,37.53731204,127.1195047
마천시장,서울,송파구,마천2동,37.49816368,127.1508126
방이시장,서울,송파구,방이2동,37.51114191,127.1155043
석촌시장,서울,송파구,석촌동,37.50010382,127.1067567
목4동시장,서울,양천구,목4동,37.53798165,126.8663622
신영시장,서울,양천구,신월1동,37.53298763,126.8358121
월정로시장,서울,양천구,신월1동,37.53295821,126.8341038
상도4동도깨비골목시장,서울,동작구,상도4동,37.50161312,126.9373922
흑석시장,서울,동작구,흑석동,37.50729135,126.9633441
남성사계시장,서울,동작구,사당2동,37.48823018,126.9808343
진흥로12길,서울,은평구,녹번동,37.60706037,126.9277342
종로?청계 관광특구,서울,종로구,종로1.2.3.4가동,37.56999761,126.9973739
증산서길,서울,은평구,증산동,37.58000451,126.9037711
잠실 관광특구,서울,송파구,오륜동,37.51647607,127.1152749
강남 마이스 관광특구,서울,강남구,삼성1동,37.51100291,127.0600594
이태원 관광특구,서울,용산구,이태원1동,37.53443511,126.9943769
명동 남대문 북창동 다동 무교동 관광특구,서울,중구,소공동,37.56414878,126.9818562
동대문패션타운 관광특구,서울,중구,광희동,37.56731216,127.0110248
진흥로1길,서울,은평구,역촌동,37.60336945,126.9187121
통일로69길,서울,은평구,대조동,37.61070812,126.9257147
두텁바위로1길,서울,용산구,남영동,37.54683927,126.9745729
동일로101길,서울,중랑구,면목2동,37.58860462,127.077694
동일로112길,서울,중랑구,상봉2동,37.59397078,127.0832026
상도로15길,서울,동작구,상도2동,37.50368415,126.9350155
상도로37길,서울,동작구,상도1동,37.50104285,126.9508845
바우뫼로39길,서울,서초구,양재1동,37.48130531,127.0397185
반포대로9길,서울,서초구,서초3동,37.48241999,127.0075074
목동중앙본로7길,서울,양천구,목4동,37.53973923,126.8669248
서울 마포구 홍대입구역_2,서울,마포구,서교동,37.55735732,126.9210935
서울 마포구 홍대입구역_3,서울,마포구,서교동,37.55731375,126.9233345
서울 서대문구 신촌역,서울,서대문구,신촌동,37.55757406,126.9369154
서울 서대문구 이대역,서울,서대문구,신촌동,37.55815455,126.944577
한양시장,서울,성동구,사근동,37.55986363,127.040111
장충동 족발거리,서울,중구,장충동,37.56025775,127.0053421
서울 중구 명동역,서울,중구,명동,37.55970731,126.9850037
장한평역,서울,성동구,용답동,37.55702558,127.0609451
서울 중구 충무로역_1,서울,중구,필동,37.56066325,126.9960613
서울 중구 충무로역_2,서울,중구,필동,37.56280747,126.9927449
북창동,서울,중구,소공동,37.56286864,126.9776121
서울 중구 신당역_1,서울,중구,신당5동,37.56469845,127.0177478
롯데백화점,서울,중구,소공동,37.56458107,126.9806676
명동거리,서울,중구,명동,37.56265347,126.9842448
서울 동대문구 신설동역_2,서울,동대문구,용신동,37.57577934,127.0251766
서울 종로구 종로3가역_2,서울,종로구,종로1.2.3.4가동,37.57209651,126.9897782
돌곶이로8길,서울,성북구,석관동,37.60742588,127.0633532
삼양로93길,서울,강북구,인수동,37.63864303,127.015726
덕릉로60길,서울,도봉구,창3동,37.63674478,127.0413079
도당로13가길,서울,도봉구,방학2동,37.66671284,127.0371762
도당로13바길,서울,도봉구,방학2동,37.66736217,127.035159
도당로19길,서울,도봉구,방학1동,37.66925282,127.0396031
도당로29길,서울,도봉구,방학1동,37.6690266,127.0423913
도봉로156길,서울,도봉구,도봉2동,37.6730979,127.0454201
도봉로169나길,서울,도봉구,도봉1동,37.67747739,127.043507
도봉로181길,서울,도봉구,도봉1동,37.68449592,127.0437378
도봉산4길,서울,도봉구,도봉1동,37.68912751,127.0421759
도봉산길,서울,도봉구,도봉1동,37.68695603,127.0425375
명동길,서울,중구,명동,37.56426654,126.98661
삼일대로4길,서울,중구,을지로동,37.56298743,126.9895417
독산로50길,서울,금천구,시흥4동,37.4626537,126.909822
청림3길,서울,관악구,청림동,37.48976535,126.9590106
행운1길,서울,관악구,행운동,37.48185362,126.9565615
목동중앙북로16길,서울,양천구,목2동,37.5444409,126.8737171
목동중앙북로8길,서울,양천구,목3동,37.54677336,126.8645699
오패산로4길,서울,성북구,월곡2동,37.60384129,127.0396137
노해로17길,서울,강북구,수유3동,37.64044428,127.020451
노해로23길,서울,강북구,수유2동,37.6446877,127.0216193
성덕정17길,서울,성동구,성수2가1동,37.53661076,127.0573305
성덕정길,서울,성동구,성수1가1동,37.53898454,127.0480315
성수이로18길,서울,성동구,성수2가3동,37.54190738,127.0598692
목동로9길,서울,양천구,신정4동,37.52332759,126.8630624
목동중앙남로3가길,서울,양천구,목4동,37.53880859,126.8646295
목동중앙로13나길,서울,양천구,목2동,37.54515105,126.8808109
목동중앙로3길,서울,양천구,목4동,37.53741641,126.8684903
사당로29길,서울,동작구,사당3동,37.48569781,126.9777595
원신길,서울,관악구,삼성동,37.46637968,126.9302324
소담길,서울,관악구,청룡동,37.47784733,126.9429066
금하로24길,서울,금천구,시흥5동,37.44816433,126.9084155
남부순환로112길,서울,금천구,가산동,37.47763301,126.8935918
독산로108길,서울,금천구,독산3동,37.47961784,126.9073935
독산로40길,서울,금천구,시흥4동,37.46050684,126.906671
답십리로23길,서울,동대문구,전농1동,37.5782758,127.0509436
답십리로56길,서울,동대문구,답십리2동,37.56996512,127.0584993
답십리로60길,서울,동대문구,답십리2동,37.56920594,127.0630605
답십리로63길,서울,동대문구,장안2동,37.57544666,127.0687486
장한로26가길,서울,동대문구,장안2동,37.56850803,127.0703948
장한로26길,서울,동대문구,장안1동,37.57104626,127.0745855
장한로27가길,서울,동대문구,장안2동,37.57522025,127.0707068
장한로27길,서울,동대문구,장안2동,37.57332893,127.0694258
면목로17길,서울,광진구,중곡3동,37.56939302,127.0812849
아차산로40길,서울,광진구,자양1동,37.53618446,127.0779903
여의대방로22길,서울,동작구,신대방2동,37.49708255,126.9245269
여의대방로22나길,서울,동작구,신대방2동,37.49663945,126.9220621
여의대방로22카길,서울,동작구,신대방2동,37.49618286,126.9266199
여의대방로24길,서울,동작구,대방동,37.49869469,126.9235075
구로중앙로19길,서울,구로구,구로2동,37.49390968,126.888661
서초대로4길,서울,서초구,방배2동,37.48346449,126.9853468
서초대로64길,서울,서초구,서초1동,37.49341066,127.0210102
답십리로68길,서울,동대문구,장안1동,37.56959951,127.0682112
답십리로69길,서울,동대문구,장안2동,37.57591258,127.0730734
답십리로72길,서울,동대문구,장안1동,37.56837186,127.0720812
망우로18가길,서울,동대문구,휘경2동,37.58686682,127.0603807
망우로18길,서울,동대문구,휘경2동,37.58862311,127.0616389
망우로21길,서울,동대문구,휘경1동,37.59044333,127.0612328
무학로45길,서울,동대문구,용신동,37.58021152,127.0283254
사가정로13길,서울,동대문구,전농2동,37.57883965,127.0590497
사가정로23가길,서울,동대문구,장안2동,37.58006739,127.071051
사가정로2길,서울,동대문구,답십리1동,37.56906671,127.0530427
서울시립대로16길,서울,동대문구,전농1동,37.57870701,127.0537967
서울시립대로29길,서울,동대문구,전농1동,37.58588751,127.0546963
한천로124나길,서울,강북구,번1동,37.63809942,127.0309872
겸재로29길,서울,중랑구,면목본동,37.58958078,127.0862208
겸재로36길,서울,중랑구,면목본동,37.58672466,127.0861949
겸재로54길,서울,중랑구,면목본동,37.58713523,127.0913583
삼양로24길,서울,강북구,송천동,37.61738748,127.0234463
동일로130길,서울,중랑구,중화1동,37.59992695,127.082326
동일로139가길,서울,중랑구,중화2동,37.6048493,127.0779827
동일로139길,서울,중랑구,중화2동,37.60286831,127.0761687
구로중앙로28길,서울,구로구,구로5동,37.49999978,126.8879169
구로중앙로34길,서울,구로구,구로5동,37.50158397,126.8862634
왕십리로31길,서울,성동구,왕십리2동,37.56372334,127.0282059
왕십리로6길,서울,성동구,성수1가2동,37.546148,127.0467348
용답29길,서울,성동구,용답동,37.56493982,127.0537528
용답중앙길,서울,성동구,용답동,37.56588723,127.0506748
장터길,서울,성동구,금호2.3가동,37.54828213,127.0186944
무학로16길,서울,동대문구,용신동,37.57120962,127.0320801
오패산로52길,서울,강북구,송중동,37.6257105,127.0323187
공릉로2길,서울,중랑구,묵1동,37.61169599,127.0792357
답십리로75길,서울,중랑구,면목4동,37.57442039,127.0815508
면목로78길,서울,중랑구,면목본동,37.59142524,127.0896764
봉우재로33길,서울,중랑구,상봉2동,37.59446289,127.0879476
봉화산로4길,서울,중랑구,중화2동,37.59973319,127.0756559
봉화산로56길,서울,중랑구,신내1동,37.60546551,127.0974735
사가정로42길,서울,중랑구,면목7동,37.5789155,127.082767
사가정로54길,서울,중랑구,면목7동,37.57910054,127.0885182
신내로7가길,서울,중랑구,상봉1동,37.60218904,127.0935963
도봉로152가길,서울,도봉구,도봉2동,37.67546738,127.0456822
동일로140길,서울,중랑구,중화1동,37.60471252,127.0804174
동일로149길,서울,중랑구,묵2동,37.60679751,127.074791
동일로157길,서울,중랑구,묵2동,37.61005767,127.0770028
가산로3길,서울,금천구,독산1동,37.47140426,126.8905597
가산로5길,서울,금천구,가산동,37.47318982,126.8922528
금하로14길,서울,금천구,시흥1동,37.45152187,126.9043202
금하로1길,서울,금천구,독산1동,37.45320415,126.8909027
청계천로10나길,서울,성동구,마장동,37.570623,127.0354984
한강대로104길,서울,용산구,남영동,37.55036211,126.9742435
한강대로15길,서울,용산구,한강로동,37.52614036,126.9634027
사근동길,서울,성동구,사근동,37.56060938,127.0458044
상원12길,서울,성동구,성수1가2동,37.55052615,127.0484916
상원길,서울,성동구,성수1가2동,37.54830918,127.0497123
서울숲2길,서울,성동구,성수1가2동,37.54698754,127.0424692
봉화산로30길,서울,중랑구,중화1동,37.60033042,127.0851008
학동로38길,서울,강남구,논현2동,37.51282423,127.0342833
개봉로11길,서울,구로구,개봉3동,37.48815005,126.853606
개봉로17길,서울,구로구,개봉2동,37.49153704,126.8529662
토정로37길,서울,마포구,용강동,37.54168368,126.9432766
효창원로93길,서울,마포구,공덕동,37.54779959,126.9608573
동남로65길,서울,강동구,명일2동,37.54795715,127.1546019
동작대로17길,서울,동작구,사당1동,37.48342757,126.9794222
동작대로29길,서울,동작구,사당2동,37.48859012,126.9781544
동작대로33길,서울,동작구,사당2동,37.4900592,126.9806982
동작대로35길,서울,동작구,사당2동,37.49215833,126.9793972
동작대로7길,서울,동작구,사당1동,37.47847185,126.9784513
등용로14길,서울,동작구,대방동,37.51169349,126.9339454
강남대로23길,서울,서초구,양재1동,37.475756,127.0369231
선유서로25길,서울,영등포구,양평1동,37.52438592,126.8837513
곰달래로5길,서울,양천구,신월1동,37.53456765,126.8317356
남부순환로33길,서울,양천구,신월5동,37.53799022,126.8308793
남부순환로40길,서울,양천구,신월3동,37.53397583,126.8274602
남부순환로58길,서울,양천구,신월3동,37.53059244,126.8304774
남부순환로70길,서울,양천구,신월7동,37.52317404,126.8346006
남부순환로79길,서울,양천구,신월6동,37.51616491,126.8416631
삼성로69길,서울,강남구,대치4동,37.50134562,127.057066
삼성로75길,서울,강남구,대치4동,37.50316615,127.0560383
선릉로121길,서울,강남구,논현2동,37.51364202,127.0409459
선릉로132길,서울,강남구,청담동,37.51874059,127.0440142
선릉로133길,서울,강남구,논현2동,37.51812996,127.0381204
선릉로146길,서울,강남구,청담동,37.5225249,127.0437675
양천로73가길,서울,강서구,염창동,37.55061395,126.874861
남부순환로234길,서울,관악구,낙성대동,37.47743911,126.9577624
마포대로12길,서울,마포구,아현동,37.5473559,126.9547016
마포대로20길,서울,마포구,공덕동,37.55130328,126.9573926
천호대로197길,서울,강동구,길동,37.53808228,127.1474985
천호대로219길,서울,강동구,상일동,37.54743796,127.1717108
천호옛14길,서울,강동구,성내2동,37.53613539,127.1246735
천호옛길,서울,강동구,성내2동,37.53390203,127.1236063
풍성로37가길,서울,강동구,성내2동,37.53277974,127.128345
국회단지길,서울,관악구,은천동,37.48874869,126.9411909
중앙로32길,서울,양천구,신정1동,37.52114481,126.8610416
강서로5나길,서울,강서구,화곡1동,37.52854526,126.8421007
강서로5라길,서울,강서구,화곡2동,37.52990356,126.8544069
강서로8길,서울,강서구,화곡8동,37.5296371,126.8502667
개화동로23길,서울,강서구,방화2동,37.5661035,126.8086872
개화동로25길,서울,강서구,방화2동,37.56412073,126.8083301
곰달래로25길,서울,강서구,화곡8동,37.53210385,126.8487118
영등포로80길,서울,영등포구,신길1동,37.51202725,126.9199989
난향길,서울,관악구,난향동,37.46283908,126.9168864
남부순환로142길,서울,관악구,미성동,37.48023482,126.9130344
남부순환로151길,서울,관악구,신사동,37.48356161,126.9159024
남부순환로161길,서울,관악구,신사동,37.48405977,126.9196443
남부순환로172길,서울,관악구,미성동,37.48243015,126.9214324
송이로23길,서울,송파구,가락2동,37.49624664,127.1259416
관악로28길,서울,관악구,행운동,37.48498985,126.9585609
관악로30길,서울,관악구,청림동,37.48646764,126.9589559
관천로15길,서울,관악구,신사동,37.48730376,126.9201722
관천로22길,서울,관악구,신림동,37.48863117,126.9246372
개포로17길,서울,강남구,개포4동,37.48022145,127.0469537
개포로20길,서울,강남구,개포4동,37.47706771,127.0474831
사당로16가길,서울,동작구,사당4동,37.48304725,126.9704903
세무서길,서울,서대문구,홍제3동,37.59052816,126.9464665
양재대로62길,서울,송파구,가락본동,37.4980836,127.1182774
양재대로64길,서울,송파구,가락본동,37.49913391,127.1220788
양재대로71길,서울,송파구,방이1동,37.51058205,127.1255472
양재대로72길,서울,송파구,오금동,37.50947952,127.1286218
오금로11길,서울,송파구,방이2동,37.51283051,127.1116272
오금로36길,서울,송파구,가락본동,37.50164464,127.1250233
독산로78다길,서울,금천구,독산4동,37.47019085,126.9043416
동남로20길,서울,송파구,가락2동,37.49639879,127.1350225
마천로51길,서울,송파구,마천2동,37.49683792,127.1518164
백제고분로21길,서울,송파구,삼전동,37.50562231,127.0907951
백제고분로22길,서울,송파구,삼전동,37.50207424,127.0883028
백제고분로31길,서울,송파구,삼전동,37.50487112,127.095058
백제고분로32길,서울,송파구,삼전동,37.50033058,127.0944076
송이로32길,서울,송파구,문정1동,37.4885782,127.1267541
송이로36길,서울,송파구,문정1동,37.48397551,127.1253896
송파대로30길,서울,송파구,가락본동,37.49602717,127.1204001
동교로19길,서울,마포구,서교동,37.55807532,126.9170071
동교로25길,서울,마포구,연남동,37.55895112,126.9196658
동교로27길,서울,마포구,연남동,37.56066403,126.9211693
양천로14길,서울,강서구,방화2동,37.57108706,126.8093424
사당로16길,서울,동작구,사당4동,37.48083115,126.9720401
사당로20길,서울,동작구,사당1동,37.48114731,126.9756918
사당로23길,서울,동작구,사당3동,37.48899443,126.9726476
사당로23나길,서울,동작구,사당3동,37.4870398,126.9751811
논현로27길,서울,서초구,양재1동,37.47881804,127.0411417
영동대로112길,서울,강남구,삼성1동,37.51562365,127.0627778
영동대로65길,서울,강남구,대치2동,37.50267644,127.0623598
일원로3길,서울,강남구,일원1동,37.49285991,127.0842437
상암로14길,서울,강동구,천호2동,37.54789861,127.1282464
상암로4길,서울,강동구,천호2동,37.54837886,127.1257237
상암로51길,서울,강동구,명일1동,37.54789671,127.1454357
상암로5길,서울,강동구,암사2동,37.55280052,127.1278021
상일로5길,서울,강동구,상일동,37.54939437,127.1708553
성내로5길,서울,강동구,성내1동,37.53137959,127.1232627
대림로7길,서울,영등포구,대림2동,37.48914783,126.9040347
대림로8길,서울,영등포구,대림1동,37.49125773,126.9059543
화곡로13길,서울,양천구,신월5동,37.54155226,126.8330551
신촌로12길,서울,마포구,서교동,37.55478737,126.9321984
신촌로28가길,서울,마포구,아현동,37.5559406,126.9502034
신촌로30길,서울,마포구,아현동,37.55646409,126.95241
양화로11길,서울,마포구,서교동,37.5523891,126.9157006
가로공원로58길,서울,양천구,신월3동,37.53308984,126.8254144
곰달래로10길,서울,양천구,신월1동,37.52803526,126.8380856
곰달래로2길,서울,양천구,신월1동,37.52778784,126.8350882
양천로24가길,서울,강서구,방화1동,37.57231925,126.8136294
양천로24길,서울,강서구,방화1동,37.57020451,126.815276
양천로26길,서울,강서구,방화1동,37.57198146,126.8224484
양천로49길,서울,강서구,가양1동,37.57099779,126.8402566
양천로71길,서울,강서구,염창동,37.55335125,126.8732381
삼성로64길,서울,강남구,대치2동,37.50082893,127.0631952
일원로9길,서울,강남구,일원1동,37.49055313,127.0845238
테헤란로81길,서울,강남구,삼성1동,37.51060809,127.056779
고덕로10길,서울,강동구,암사1동,37.55280773,127.1294544
고덕로25길,서울,강동구,암사3동,37.55550477,127.1347782
고덕로61길,서울,강동구,고덕1동,37.55961094,127.1515928
구천면로36길,서울,강동구,천호1동,37.54257641,127.1339289
구천면로41길,서울,강동구,천호2동,37.54705676,127.1318095
구천면로42길,서울,강동구,천호1동,37.54489812,127.1364339
신길로60길,서울,영등포구,영등포본동,37.51306771,126.9133356
양평로19길,서울,영등포구,양평2동,37.53579412,126.8949914
양평로22라길,서울,영등포구,양평2동,37.53971285,126.894307
양평로28길,서울,영등포구,양평2동,37.54166474,126.8906947
여의대방로35길,서울,영등포구,신길6동,37.5015837,126.9186869
여의대방로39길,서울,영등포구,신길7동,37.50333285,126.9204379
망원로2길,서울,마포구,망원1동,37.5547579,126.9028982
매봉산로2길,서울,마포구,상암동,37.57711439,126.8956126
효령로23길,서울,서초구,방배1동,37.48285251,126.9930579
효령로31길,서울,서초구,방배1동,37.48470865,126.9941318
효령로34길,서울,서초구,방배3동,37.47996949,127.0000565
효령로72길,서울,서초구,서초2동,37.48674191,127.0273515
방배중앙로21길,서울,서초구,방배본동,37.49179873,126.9846215
청두곶길,서울,서초구,방배2동,37.47945504,126.9856076
서초중앙로8길,서울,서초구,서초1동,37.48746421,127.0198552
도신로29길,서울,영등포구,도림동,37.50954771,126.9054111
곰달래로3길,서울,양천구,신월1동,37.53140711,126.833123
진황도로27길,서울,강동구,천호3동,37.53915283,127.1337418
시흥대로84길,서울,금천구,독산2동,37.46109793,126.9022395
시흥대로94길,서울,금천구,독산2동,37.46405151,126.9001671
논현로10길,서울,강남구,개포4동,37.47513872,127.0495055
논현로115길,서울,강남구,논현1동,37.50827502,127.0311709
논현로123길,서울,강남구,논현1동,37.51072643,127.0284687
마포대로4길,서울,마포구,도화동,37.53777501,126.9468663
만리재옛길,서울,마포구,공덕동,37.5487896,126.9576882
망원로11길,서울,마포구,망원2동,37.55948129,126.9055744
구암길,서울,관악구,성현동,37.49040928,126.9469678
도곡로37길,서울,강남구,역삼2동,37.49522467,127.0431975
도산대로15길,서울,강남구,신사동,37.52060235,127.0243775
우장산로6길,서울,강서구,우장산동,37.55303913,126.8389256
월정로20길,서울,강서구,화곡1동,37.5295615,126.8406957
초록마을로3길,서울,강서구,화곡본동,37.54639142,126.8469403
초록마을로8길,서울,강서구,화곡본동,37.54079881,126.8489545
초원로16길,서울,강서구,방화1동,37.56549179,126.8149481
도신로15길,서울,영등포구,도림동,37.5075866,126.8982656
공항대로8길,서울,강서구,공항동,37.55908127,126.8121345
도림로6길,서울,구로구,가리봉동,37.48462806,126.8873519
범안로17길,서울,금천구,독산1동,37.46841542,126.8932996
벚꽃로56길,서울,금천구,가산동,37.48322756,126.883295
시흥대로120길,서울,금천구,독산4동,37.46864715,126.9007375
시흥대로138길,서울,금천구,독산3동,37.47261923,126.8991157
시흥대로141길,서울,금천구,독산1동,37.47500532,126.8972697
문성로5길,서울,금천구,독산3동,37.47803058,126.9055187
범안로11길,서울,금천구,독산1동,37.46856585,126.8903151
남부순환로248길,서울,관악구,인헌동,37.47467611,126.9675655
삼성로63길,서울,강남구,대치4동,37.49934503,127.0578109
모래내로15길,서울,서대문구,남가좌1동,37.57297854,126.9180773
북아현로4길,서울,서대문구,북아현동,37.56020548,126.9583835
세검정로1길,서울,서대문구,홍은1동,37.59355463,126.9446074
세무서2길,서울,서대문구,홍제2동,37.58788848,126.9469779
도산대로23길,서울,강남구,신사동,37.52101651,127.025769
도산대로30길,서울,강남구,논현2동,37.51795207,127.0301456
도산대로38길,서울,강남구,논현2동,37.51842005,127.0321819
도산대로50길,서울,강남구,논현2동,37.51995002,127.0380195
도산대로81길,서울,강남구,청담동,37.52709161,127.0473112
동광로12길,서울,서초구,방배4동,37.4889787,126.9856737
개포로28길,서울,강남구,개포4동,37.47786869,127.0496995
개포로82길,서울,강남구,개포2동,37.48886104,127.0677419
오금로46길,서울,송파구,가락2동,37.49368855,127.1334458
풍성로25길,서울,송파구,풍납1동,37.53529256,127.1207234
수색로8길,서울,서대문구,북가좌1동,37.5770237,126.9056088
신촌로37길,서울,서대문구,북아현동,37.55841254,126.9584977
연희로10길,서울,서대문구,연희동,37.56479737,126.9320762
응암로1길,서울,서대문구,북가좌2동,37.5813968,126.9098035
증가로10길,서울,서대문구,남가좌2동,37.57892954,126.9247501
논현로139길,서울,강남구,논현1동,37.51633989,127.0275886
독산로85길,서울,금천구,독산3동,37.47264001,126.9024053
중앙로36길,서울,양천구,신정1동,37.51955465,126.8573568
중앙로45길,서울,양천구,신정3동,37.52087097,126.8507594
중앙로47길,서울,양천구,신정3동,37.51806885,126.8507536
중앙로51길,서울,양천구,신월2동,37.52397229,126.84521
중앙로55길,서울,양천구,신월2동,37.5258921,126.8457264
동교로38길,서울,마포구,연남동,37.56137875,126.9256845
가재울로6길,서울,서대문구,남가좌2동,37.57572097,126.9231458
독립문로8길,서울,서대문구,천연동,37.56708066,126.9600436
명지대길,서울,서대문구,남가좌2동,37.58278522,126.9238518
동남로82길,서울,강동구,고덕2동,37.56101085,127.1626082
동남로85길,서울,강동구,고덕1동,37.5610486,127.154629
명일로13길,서울,강동구,둔촌2동,37.53330307,127.1433595
남부순환로365길,서울,강남구,도곡1동,37.48721599,127.039552
곰달래로31길,서울,강서구,화곡2동,37.53261202,126.8515506
곰달래로47길,서울,강서구,화곡2동,37.53514851,126.8553245
곰달래로53길,서울,강서구,화곡4동,37.53586287,126.8574389
곰달래로60길,서울,강서구,화곡4동,37.53089517,126.8623472
개봉로17다길,서울,구로구,개봉2동,37.49362727,126.8528829
개봉로1길,서울,구로구,개봉3동,37.48304902,126.8525419
도림로112길,서울,영등포구,도림동,37.50905888,126.9025955
논현로106길,서울,강남구,역삼1동,37.50629119,127.0367798
도림로147길,서울,영등포구,문래동,37.51530084,126.8900545
도림로63길,서울,영등포구,신길5동,37.4993103,126.9029474
도림천로21길,서울,영등포구,대림2동,37.48755124,126.9018319
난우길,서울,관악구,미성동,37.47626458,126.9175159
성안로3길,서울,강동구,성내1동,37.52692556,127.1261855
강남대로34길,서울,서초구,양재1동,37.48320662,127.0391881
남부순환로88길,서울,양천구,신정3동,37.51208799,126.8384255
논현로159길,서울,강남구,신사동,37.5226387,127.0239709
논현로26길,서울,강남구,도곡2동,37.4824746,127.0453496
논현로28길,서울,강남구,도곡2동,37.48392563,127.0442764
논현로63길,서울,강남구,역삼1동,37.49231651,127.0370104
논현로8길,서울,강남구,개포4동,37.47397539,127.0518901
공항대로59다길,서울,강서구,염창동,37.55059884,126.8692254
공항대로61길,서울,강서구,염창동,37.55204612,126.8662578
강동대로53길,서울,강동구,성내3동,37.52439642,127.1319846
동소문로13길,서울,성북구,동선동,37.59282817,127.0123874
동소문로15길,서울,성북구,동선동,37.59401713,127.0153316
동소문로26가길,서울,성북구,동선동,37.59429565,127.020529
동소문로2길,서울,성북구,삼선동,37.58920648,127.0091146
동소문로6길,서울,성북구,삼선동,37.58847678,127.0075407
증산로5길,서울,은평구,증산동,37.58378159,126.9061551
증산로9길,서울,은평구,증산동,37.58594517,126.9076808
암사종합시장,서울,강동구,암사1동,37.55093401,127.1291343
양지골목시장,서울,강동구,암사3동,37.55554708,127.1371549
고분다리골목시장,서울,강동구,천호1동,37.5424795,127.1319825
동서울시장,서울,강동구,천호2동,37.54208727,127.1281572
천호시장,서울,강동구,천호2동,37.54114175,127.1276691
성내골목시장,서울,강동구,성내2동,37.53386176,127.1275888
둔촌역전통시장,서울,강동구,성내3동,37.52772618,127.1354636
정릉아리랑시장,서울,성북구,정릉2동,37.60219856,127.0115283
고덕전통시장,서울,강동구,고덕2동,37.5577937,127.1694371
정릉시장,서울,성북구,정릉3동,37.60826249,127.0084147
길음시장,서울,성북구,길음1동,37.60294488,127.0220715
서울 종로구 종로5가역_2,서울,종로구,종로5.6가동,37.57350251,126.9998189
종로구청,서울,종로구,종로1.2.3.4가동,37.5729243,126.980756
서울 종로구 종로5가역_3,서울,종로구,종로5.6가동,37.57261043,127.0047317
서울 종로구 종로5가역_4,서울,종로구,종로1.2.3.4가동,37.57353851,126.9968757
인사동,서울,종로구,종로1.2.3.4가동,37.57309615,126.985318
홍익대학교 주변,서울,마포구,서교동,37.55213182,126.9215178
서울 강동구 명일역,서울,강동구,명일1동,37.55189902,127.1439044
등촌역,서울,양천구,목3동,37.54999086,126.8653901
서울 강동구 고덕역,서울,강동구,명일2동,37.55343532,127.1545227
서울 중구 약수역_1,서울,중구,약수동,37.55418465,127.0108079
서울 중구 약수역_2,서울,중구,다산동,37.55431088,127.0098459
서울 마포구 홍대입구역_1,서울,마포구,서교동,37.55447276,126.9190708
강서구청,서울,강서구,화곡6동,37.55268515,126.850662
신촌역,서울,마포구,대흥동,37.55425776,126.9357412
왕십리역_1,서울,성동구,행당1동,37.55900968,127.0337159
전농로3길,서울,동대문구,답십리1동,37.57055173,127.0565302
전농로4길,서울,동대문구,답십리2동,37.56641491,127.0590852
제기로21길,서울,동대문구,청량리동,37.58881218,127.0412927
돌곶이로27길,서울,성북구,장위2동,37.61089046,127.0537179
돌곶이로28길,서울,성북구,장위2동,37.61260043,127.0577626
돌곶이로41길,서울,성북구,장위1동,37.6174438,127.046281
장미원골목시장,서울,강북구,우이동,37.64500415,127.0143676
수유북부시장,서울,강북구,인수동,37.63632745,127.0160994
동북시장,서울,강북구,삼양동,37.62016329,127.0191768
방천골목시장,서울,강북구,송중동,37.61231256,127.0332303
숭인시장,서울,강북구,송천동,37.61353896,127.0292554
솔샘시장,서울,강북구,삼각산동,37.61937935,127.019675
화곡중앙골목시장,서울,강서구,화곡1동,37.53455995,126.8391464
대원종합시장,서울,강서구,화곡3동,37.54452131,126.8364545
남부골목시장,서울,강서구,화곡4동,37.53298295,126.8601824
영동전통시장,서울,강남구,논현1동,37.50917766,127.0241815
논현종합시장,서울,강남구,논현2동,37.50989594,127.0343499
청담삼익시장,서울,강남구,청담동,37.52236575,127.0576816
서울 강북구 미아삼거리역_1,서울,강북구,송중동,37.61263758,127.0308067
서울 종로구 동대문역_2,서울,종로구,창신1동,37.57134843,127.0128705
장안동사거리,서울,동대문구,장안2동,37.57150771,127.071439
동묘앞역,서울,종로구,창신1동,37.57332144,127.0143312
서울 종로구 광화문역_2,서울,종로구,사직동,37.57224686,126.972221
서울 동대문구 신설동역_1,서울,동대문구,용신동,37.57423885,127.0241686
신설동역,서울,종로구,숭인2동,37.57431146,127.0214291
장한평역_2,서울,동대문구,장안1동,37.56320616,127.0614369
서울 강서구 송정역,서울,강서구,공항동,37.56121331,126.8100579
남영역,서울,용산구,남영동,37.54221652,126.9718135
서울 용산구 숙대입구역,서울,용산구,용산2가동,37.5401459,126.9800742
공덕역,서울,마포구,아현동,37.54514705,126.9511724
서울 마포구 공덕역_2,서울,마포구,아현동,37.54533677,126.9524397
어린이대공원역,서울,광진구,군자동,37.54789234,127.0718465
녹사평대로32길,서울,용산구,이태원1동,37.53350693,126.9918765
녹사평대로40나길,서울,용산구,이태원2동,37.53510146,126.9889007
대사관로34길,서울,용산구,한남동,37.53114644,127.0058492
긴고랑로20길,서울,광진구,중곡2동,37.56004785,127.0839119
장한로5길,서울,동대문구,장안1동,37.56520463,127.0646983
장한로8길,서울,동대문구,장안1동,37.56382391,127.0685907
전농로29길,서울,동대문구,전농1동,37.58009401,127.0549524
장위전통시장,서울,성북구,장위2동,37.61154029,127.0512041
번동시장,서울,성북구,장위3동,37.62131736,127.0479938
녹사평대로46길,서울,용산구,이태원2동,37.53788551,126.9884817
새석관시장,서울,성북구,석관동,37.60821499,127.0526741
석관황금시장,서울,성북구,석관동,37.60976015,127.0620188
번동북부골목시장,서울,강북구,번1동,37.63585621,127.0300572
수유전통시장,서울,강북구,수유1동,37.6311637,127.0227936
밤나무골시장,서울,성북구,월곡1동,37.60879803,127.0355392
우이시장,서울,강북구,수유2동,37.6464179,127.0198635
강북종합시장,서울,강북구,수유3동,37.64232631,127.0256976
석관시장,서울,성북구,석관동,37.60897713,127.0604099
수유중앙시장,서울,강북구,수유3동,37.64033602,127.0212441
장한평역_1,서울,동대문구,장안1동,37.56216721,127.0666085
서울 강서구 발산역,서울,강서구,등촌3동,37.55967196,126.8400205
왕십리역_2,서울,성동구,왕십리도선동,37.56277561,127.0345213
시청역_1,서울,중구,소공동,37.56160641,126.9735718
미아사거리_2,서울,성북구,길음2동,37.60785391,127.0284604
서울 은평구 불광역_1,서울,은평구,대조동,37.60949402,126.9293514
동대문시장_2,서울,종로구,종로5.6가동,37.57033998,127.0029318
서울 종로구 동대문역_1,서울,종로구,창신2동,37.57199739,127.0103803
서울 은평구 불광역_2,서울,은평구,불광1동,37.61037784,126.9307889
서울 은평구 불광역_3,서울,은평구,대조동,37.61102519,126.9285119
영등포역_3,서울,영등포구,영등포동,37.51912369,126.9033177
여의도 시범아파트앞,서울,영등포구,여의동,37.51902118,126.9386446
서울 강남구 역삼역_2,서울,강남구,역삼1동,37.50316394,127.0391646
건대입구역,서울,광진구,자양3동,37.53849506,127.0716112
서울 광진구 건대입구역_1,서울,광진구,자양4동,37.54004698,127.06789
서울 강동구 천호역_2,서울,강동구,천호2동,37.53942172,127.1268515
서울 마포구 마포역_1,서울,마포구,도화동,37.53985658,126.9474532
광나루로24길,서울,광진구,화양동,37.54545709,127.0759292
광나루로36길,서울,광진구,구의1동,37.54383724,127.0862134
광나루로37길,서울,광진구,구의2동,37.54567404,127.0878903
서울 광진구 구의역,서울,광진구,구의1동,37.53799026,127.0855165
광나루로40길,서울,광진구,구의1동,37.54302417,127.0891319
퇴계로8길,서울,중구,회현동,37.55665201,126.9789947
퇴계로90길,서울,중구,신당5동,37.56368862,127.0219807
녹사평대로11길,서울,용산구,서빙고동,37.52177597,126.99319
녹사평대로26길,서울,용산구,이태원1동,37.53175903,126.992465
백운시장,서울,도봉구,쌍문1동,37.6557888,127.0153103
쌍문역골목시장,서울,도봉구,쌍문3동,37.64842427,127.0325665
방학동도깨비시장,서울,도봉구,방학2동,37.66531686,127.0354301
공릉동도깨비시장,서울,노원구,공릉1동,37.62232983,127.0759054
상계시장,서울,노원구,상계3.4동,37.66494511,127.0778528
상계중앙시장,서울,노원구,상계5동,37.6597784,127.0699936
경창시장,서울,양천구,신월2동,37.52475257,126.8424934
신월3동골목시장,서울,양천구,신월3동,37.53389343,126.8265666
신곡종합시장,서울,양천구,신월6동,37.51842206,126.8451649
신월6동골목시장,서울,양천구,신월6동,37.51804023,126.8425867
명일골목시장,서울,강동구,명일1동,37.54922136,127.1452911
당산역_2,서울,영등포구,당산2동,37.53545679,126.9008414
서울 강동구 천호역,서울,송파구,풍납1동,37.53831759,127.12298
서울시청,서울,중구,명동,37.56783346,126.979467
시청역_2,서울,중구,소공동,37.56439899,126.9713977
서대문구 서대문역_1,서울,종로구,교남동,37.56800154,126.965997
종각역 젊음의 거리,서울,종로구,종로1.2.3.4가동,37.56928496,126.9854885
종각역,서울,종로구,종로1.2.3.4가동,37.56959068,126.9811304
서울 종로구 광화문역_1,서울,종로구,사직동,37.56912099,126.9748483
서울 종로구 종로3가역_1,서울,종로구,종로1.2.3.4가동,37.56924939,126.989971
동대문시장_1,서울,중구,광희동,37.56730346,127.006882
이문로42길,서울,동대문구,이문2동,37.60073985,127.0646272
용마산로100길,서울,중랑구,망우3동,37.59063357,127.0994243
용마산로112길,서울,중랑구,망우본동,37.59919762,127.1044975
용마산로118길,서울,중랑구,망우본동,37.60101767,127.1044321
동일로100길,서울,중랑구,면목2동,37.58995239,127.0831529
창경궁로43길,서울,성북구,성북동,37.58883737,127.0036458
대흥로28길,서울,마포구,염리동,37.5551193,126.9470125
성균관로5길,서울,종로구,혜화동,37.58418826,126.9968526
숭인동길,서울,종로구,숭인2동,37.57689717,127.0221997
옥인길,서울,종로구,청운효자동,37.58069669,126.9664781
율곡로10길,서울,종로구,종로1.2.3.4가동,37.576061,126.9911248
율곡로16길,서울,종로구,종로5.6가동,37.57502512,127.0040413
이화장길,서울,종로구,이화동,37.57785421,127.0048453
퇴계로12길,서울,중구,회현동,37.55650836,126.9820957
퇴계로18길,서울,중구,명동,37.55685114,126.9849137
퇴계로46길,서울,중구,장충동,37.56122193,127.0008941
뚝섬로24길,서울,광진구,자양4동,37.53492309,127.0628279
오목로3길,서울,양천구,신월4동,37.52389979,126.8381738
오목로5길,서울,양천구,신월4동,37.52405629,126.8406283
은행정로5길,서울,양천구,신정1동,37.52119544,126.8581569
신목로5길,서울,양천구,신정2동,37.51848186,126.8725958
상도로61길,서울,동작구,상도1동,37.4944679,126.9570178
상도로62길,서울,동작구,상도1동,37.49621416,126.9526065
연서로5길,서울,은평구,역촌동,37.60421334,126.9144191
은평로10길,서울,은평구,응암1동,37.59975115,126.9242422
은평로13길,서울,은평구,녹번동,37.6024542,126.9243753
상도로47길,서울,동작구,상도1동,37.50307943,126.951607
도봉로109길,서울,도봉구,쌍문3동,37.6468929,127.0314441
도봉로114길,서울,도봉구,창1동,37.64759427,127.0363168
서초대로8길,서울,서초구,방배2동,37.48392441,126.989044
신반포로45길,서울,서초구,잠원동,37.51231446,127.0165817
언남길,서울,서초구,양재2동,37.47402412,127.0426992
주흥15길,서울,서초구,반포1동,37.50881828,127.0185149
주흥길,서울,서초구,반포1동,37.506061,127.0197697
구로동로7길,서울,구로구,가리봉동,37.4864081,126.8832788
독산로64길,서울,금천구,독산2동,37.46555074,126.9044605
독산로70길,서울,금천구,독산4동,37.46736977,126.9032148
신월로20길,서울,양천구,신월6동,37.51860224,126.8451532
오목로23길,서울,양천구,신정4동,37.52623281,126.8514501
오목로30길,서울,양천구,신정4동,37.5231272,126.85373
한천로130길,서울,강북구,번1동,37.63949565,127.0320868
한천로132길,서울,강북구,번1동,37.64073964,127.0296966
노해로33길,서울,강북구,수유2동,37.6467869,127.0221185
솔샘로65길,서울,강북구,송천동,37.6206844,127.0267096
수유로12길,서울,강북구,수유1동,37.63287585,127.02131
오패산로30길,서울,강북구,송중동,37.61464568,127.0347717
삼양로27길,서울,강북구,삼각산동,37.61887504,127.0181344
삼양로41길,서울,강북구,삼양동,37.6217132,127.017818
사당로8길,서울,동작구,사당5동,37.48289337,126.9677655
구로중앙로42길,서울,구로구,신도림동,37.50969377,126.8779945
구로중앙로7길,서울,구로구,구로4동,37.49063216,126.8909613
구로중앙로8길,서울,구로구,구로4동,37.49277815,126.8926996
남부순환로97길,서울,구로구,개봉2동,37.49415623,126.8580949
대방동2길,서울,동작구,대방동,37.50109407,126.9278025
사당로2차길,서울,동작구,사당5동,37.48660523,126.9667011
사당로30길,서울,동작구,사당1동,37.48153568,126.9807908
구로동로8길,서울,구로구,구로4동,37.48767285,126.8867028
국사봉1길,서울,동작구,상도3동,37.4984386,126.9320119
오패산로67길,서울,강북구,번1동,37.6355689,127.0257972
인수봉로56길,서울,강북구,인수동,37.63612037,127.014989
인수봉로72길,서울,강북구,인수동,37.64297711,127.0128716
인수봉로79길,서울,강북구,인수동,37.64350908,127.0086566
한천로139가길,서울,강북구,수유3동,37.6408401,127.0236916
한천로140길,서울,강북구,수유3동,37.64219052,127.0284622
덕릉로40길,서울,강북구,번2동,37.63423399,127.0317333
덕릉로41길,서울,강북구,번1동,37.63742414,127.0291741
도봉로13길,서울,강북구,송천동,37.6152334,127.0267869
한천로101가길,서울,성북구,장위1동,37.61964107,127.0490915
한천로76길,서울,성북구,석관동,37.61165955,127.0651576
삼양로54길,서울,강북구,송천동,37.62328917,127.0222927
삼양로77길,서울,강북구,수유1동,37.6288584,127.0151348
역말로9길,서울,은평구,대조동,37.61299398,126.9216124
한글비석로24길,서울,노원구,상계5동,37.66287654,127.0720479
한글비석로44길,서울,노원구,상계5동,37.66472476,127.0700435
삼양로8길,서울,성북구,길음2동,37.60759345,127.0248249
성북로8길,서울,성북구,성북동,37.59124293,127.0057067
서울시립대로4길,서울,동대문구,전농1동,37.57379882,127.0486652
약령시로17길,서울,동대문구,제기동,37.58500055,127.0425021
왕산로32길,서울,동대문구,용신동,37.57627017,127.0418179
왕산로33길,서울,동대문구,제기동,37.58207242,127.0422174
왕산로43길,서울,동대문구,청량리동,37.58498927,127.0484007
한천로109길,서울,강북구,번3동,37.62746438,127.0419938
솔매로41길,서울,강북구,미아동,37.62682098,127.0226223
솔매로45길,서울,강북구,미아동,37.62838839,127.0241408
솔매로50길,서울,강북구,송중동,37.62413482,127.0282627
종암로24가길,서울,성북구,종암동,37.60017555,127.0355577
종암로5길,서울,성북구,종암동,37.59341852,127.0341844
지봉로20길,서울,성북구,보문동,37.58309653,127.0192126
화랑로13길,서울,성북구,월곡2동,37.60532722,127.0416529
화랑로19길,서울,성북구,장위2동,37.60863061,127.0500129
화랑로1길,서울,성북구,월곡1동,37.60484324,127.0336574
장충단로8길,서울,중구,장충동,37.56214966,127.0083869
청구로17길,서울,중구,다산동,37.5586445,127.0117026
청구로1길,서울,중구,청구동,37.55808546,127.0153921
화랑로14길,서울,성북구,월곡2동,37.6013086,127.0422282
가좌로7길,서울,은평구,응암3동,37.58493549,126.919185
갈현로1길,서울,은평구,신사1동,37.59941547,126.908287
노해로60길,서울,도봉구,쌍문3동,37.6490095,127.0340172
노해로63다길,서울,도봉구,창5동,37.65453767,127.0454881
목동중앙서로7길,서울,양천구,목4동,37.5343763,126.8651806
목동중앙서로8가길,서울,양천구,목4동,37.53137577,126.865005
신목로2길,서울,양천구,신정2동,37.5197466,126.875727
왕십리로26길,서울,성동구,왕십리도선동,37.56424476,127.0326996
마조로16길,서울,성동구,마장동,37.5655292,127.044834
마조로1길,서울,성동구,사근동,37.56155755,127.0399535
매봉길,서울,성동구,옥수동,37.54751696,127.0137038
무수막길,서울,성동구,금호2.3가동,37.55284082,127.0208684
무학로6길,서울,성동구,왕십리도선동,37.56570415,127.0334926
무학봉28길,서울,성동구,왕십리2동,37.56209157,127.0319743
무학봉길,서울,성동구,왕십리2동,37.56061476,127.0287707
시흥대로62가길,서울,금천구,시흥1동,37.45627905,126.9041107
시흥대로63길,서울,금천구,시흥1동,37.45512982,126.8982011
신길로17길,서울,영등포구,신길5동,37.49768231,126.9064665
신길로39길,서울,영등포구,신길3동,37.5076306,126.9079809
신길로42가길,서울,영등포구,신길1동,37.50927532,126.9144824
신길로42길,서울,영등포구,신길4동,37.50660734,126.9131056
법원단지9길,서울,관악구,난곡동,37.47497031,126.922209
봉천로33길,서울,관악구,은천동,37.48430811,126.944055
서림7길,서울,관악구,서림동,37.47238595,126.9403446
승방길,서울,관악구,남현동,37.47314715,126.9799677
선릉로18길,서울,강남구,개포2동,37.48339531,127.0615524
압구정로2길,서울,강남구,신사동,37.5210988,127.0195474
언주로81길,서울,강남구,역삼2동,37.49888341,127.0413563
월드컵로16길,서울,마포구,서교동,37.55730511,126.9110209
사평대로26길,서울,서초구,반포4동,37.49957541,126.999084
사평대로57길,서울,서초구,반포1동,37.50739424,127.0212177
서초대로15길,서울,서초구,방배4동,37.4892764,126.9890319
가로공원로76가길,서울,강서구,화곡1동,37.53370594,126.8405738
가로공원로80길,서울,강서구,화곡1동,37.536435,126.8398552
고척로52길,서울,구로구,고척1동,37.50152391,126.8559888
북촌로11길,서울,종로구,가회동,37.58131307,126.9841729
북촌로5길,서울,종로구,삼청동,37.58034865,126.9816938
능동로13길,서울,광진구,화양동,37.54512805,127.0688678
능동로19길,서울,광진구,화양동,37.54636952,127.0720714
능동로34길,서울,광진구,능동,37.55408404,127.0827961
동일로123길,서울,중랑구,중화2동,37.59866792,127.0788708
조원중앙로2길,서울,관악구,조원동,37.48189848,126.9087926
중앙길,서울,관악구,중앙동,37.48521212,126.9507818
청룡8길,서울,관악구,청룡동,37.48044229,126.9430177
법원단지길,서울,관악구,난곡동,37.47420268,126.9195644
복은길,서울,관악구,서림동,37.47443062,126.9391333
동광로39길,서울,서초구,반포4동,37.49742201,126.9997738
동산로10길,서울,서초구,양재2동,37.47036499,127.0454554
동산로19길,서울,서초구,양재2동,37.47369839,127.0463166
방배천로4안길,서울,서초구,방배2동,37.48106756,126.9834252
마방로2길,서울,서초구,양재2동,37.47188074,127.0397474
지양로7길,서울,양천구,신월7동,37.52127859,126.8322292
월드컵로19길,서울,마포구,망원1동,37.55656419,126.9082716
공항대로55길,서울,강서구,등촌1동,37.55435452,126.8600745
공항대로59길,서울,강서구,등촌1동,37.55278249,126.8641176
시흥대로150길,서울,금천구,독산3동,37.47647731,126.9011907
시흥대로153길,서울,금천구,가산동,37.47594023,126.8948378
시흥대로22길,서울,금천구,시흥3동,37.44103477,126.9051923
시흥대로36길,서울,금천구,시흥3동,37.44371978,126.9051776
신림로65길,서울,관악구,신림동,37.48531675,126.926687
북촌로5나길,서울,종로구,삼청동,37.58579084,126.9830171
삼청로5길,서울,종로구,삼청동,37.58526789,126.9805717
서달로10길,서울,동작구,흑석동,37.50353406,126.9630519
서달로14길,서울,동작구,흑석동,37.50695839,126.9647241
서달로15길,서울,동작구,흑석동,37.50848939,126.9624161
서달로8가길,서울,동작구,흑석동,37.50569614,126.961999
도봉로99길,서울,강북구,수유3동,37.64372242,127.027545
삼각산로28길,서울,강북구,수유3동,37.638399,127.0206997
동호로20길,서울,중구,장충동,37.55989709,127.0094279
동호로8길,서울,중구,약수동,37.55384214,127.0121998
성수이로7길,서울,성동구,성수2가3동,37.54214407,127.0548567
성수일로6길,서울,성동구,성수2가3동,37.54449647,127.0531384
답십리로64길,서울,동대문구,장안1동,37.5698622,127.0657437
고산자로6길,서울,성동구,행당1동,37.55749533,127.0360127
금호산2길,서울,성동구,금호2.3가동,37.54958775,127.0233232
여의대방로43나길,서울,영등포구,신길7동,37.50700009,126.9206602
신림동길,서울,관악구,신림동,37.4869112,126.9261428
양재대로101길,서울,강동구,성내3동,37.53312306,127.1355639
양재대로116길,서울,강동구,길동,37.53899924,127.1418203
양재대로124길,서울,강동구,길동,37.54198712,127.1446548
양재대로133길,서울,강동구,천호1동,37.54808219,127.1410906
학동로56길,서울,강남구,삼성2동,37.51558755,127.0427455
양재대로95길,서울,강동구,성내3동,37.5305741,127.1348012
양재대로96길,서울,강동구,둔촌2동,37.52946006,127.1397998
올림픽로48길,서울,강동구,성내1동,37.52873137,127.1225682
올림픽로71길,서울,강동구,천호2동,37.5409053,127.1211964
올림픽로77길,서울,강동구,천호2동,37.54320082,127.1231577
올림픽로78길,서울,강동구,천호2동,37.54254001,127.126076
올림픽로80길,서울,강동구,천호2동,37.54259066,127.1292331
삼양로20길,서울,강북구,송천동,37.61427003,127.0236039
화랑로32길,서울,성북구,석관동,37.60664415,127.0592529
화랑로40길,서울,성북구,석관동,37.61306631,127.0629163
상계로12길,서울,노원구,상계2동,37.65599421,127.0701033
상계로1길,서울,노원구,상계2동,37.65857544,127.0622293
마장로39길,서울,성동구,마장동,37.56805218,127.0443148
천호대로129길,서울,광진구,구의2동,37.55300527,127.0917014
여의대방로46길,서울,동작구,대방동,37.51195099,126.9274867
동일로163길,서울,중랑구,묵2동,37.61079777,127.0749876
망우로68길,서울,중랑구,망우본동,37.59774989,127.1012003
망우로73길,서울,중랑구,망우본동,37.6023166,127.1027239
면목로21길,서울,중랑구,면목4동,37.57245566,127.0823523
면목로33길,서울,중랑구,면목4동,37.57591492,127.0831486
면목로45길,서울,중랑구,면목3.8동,37.58158875,127.0865286
면목로56길,서울,중랑구,면목본동,37.58423477,127.0904037
양재대로91길,서울,강동구,성내3동,37.52829669,127.1329305
강서로5가길,서울,강서구,화곡1동,37.5290468,126.8466476
강남대로8길,서울,서초구,양재2동,37.46852784,127.0430239
부일로1길,서울,구로구,수궁동,37.49343781,126.8201468
새말로18길,서울,구로구,구로5동,37.50452716,126.892581
신도림로13길,서울,구로구,신도림동,37.5100293,126.880109
오류로8길,서울,구로구,오류2동,37.49319354,126.8448665
올림픽로98길,서울,강동구,암사1동,37.55109399,127.1311263
중앙로1길,서울,구로구,고척1동,37.49815339,126.8629275
사당로26길,서울,동작구,사당1동,37.48097658,126.9780436
시흥대로68길,서울,금천구,시흥1동,37.45773624,126.9011362
조원로10길,서울,관악구,조원동,37.48244403,126.9036702
목동동로12길,서울,양천구,목1동,37.52339323,126.8734359
목동동로8길,서울,양천구,신정2동,37.51697625,126.8717274
목동로19길,서울,양천구,신정4동,37.52504668,126.8614981
능동로3길,서울,광진구,자양4동,37.53428179,127.0657464
능동로4길,서울,광진구,자양3동,37.53227025,127.0697611
동일로18길,서울,광진구,자양4동,37.53946293,127.0650495
동일로24길,서울,광진구,화양동,37.54335431,127.0667275
뚝섬로23길,서울,광진구,자양3동,37.53716462,127.0664165
영신로9길,서울,영등포구,영등포본동,37.51246823,126.9070023
강서로15길,서울,강서구,화곡1동,37.53187889,126.8420485
강서로17가길,서울,강서구,화곡1동,37.53460201,126.8436267
강서로18길,서울,강서구,화곡8동,37.53496039,126.8490002
한천로40길,서울,동대문구,장안2동,37.57756332,127.0698939
경희대로3길,서울,동대문구,회기동,37.5924215,127.0506814
경희대로4길,서울,동대문구,회기동,37.59260023,127.0539992
난계로30길,서울,동대문구,용신동,37.57270685,127.025617
창신2길,서울,종로구,창신2동,37.57374535,127.0100749
우마길,서울,구로구,가리봉동,37.48300719,126.8883493
개봉로3길,서울,구로구,개봉3동,37.48578974,126.8538707
목동남로4길,서울,양천구,신정7동,37.50873541,126.8666179
양화로1길,서울,마포구,합정동,37.55055559,126.909637
양화진길,서울,마포구,합정동,37.5473953,126.912583
와우산로29가길,서울,마포구,서교동,37.55419912,126.9278079
와우산로29길,서울,마포구,서교동,37.55561444,126.9290628
와우산로3길,서울,마포구,서강동,37.54613974,126.9208564
영등포로62길,서울,영등포구,영등포본동,37.5159526,126.9156624
월드컵로25길,서울,마포구,망원2동,37.55757689,126.9015364
월드컵로36길,서울,마포구,성산2동,37.56680647,126.9056783
월드컵로7길,서울,마포구,합정동,37.55270938,126.9101663
월드컵로8길,서울,마포구,서교동,37.55363174,126.9146807
당산로31길,서울,영등포구,당산1동,37.52652282,126.8949931
당산로37길,서울,영등포구,당산2동,37.52995793,126.897613
조원로18길,서울,관악구,조원동,37.48273048,126.9128619
우사단로10길,서울,용산구,보광동,37.53179531,127.0006449
우사단로14길,서울,용산구,한남동,37.53373245,126.9983708
난계로11길,서울,중구,황학동,37.56669788,127.0223211
난계로21길,서울,중구,황학동,37.56933775,127.0226049
성대로1길,서울,동작구,상도4동,37.50118786,126.9341129
서초대로23길,서울,서초구,방배4동,37.49016855,126.9908636
면목로49길,서울,중랑구,면목3.8동,37.58283226,127.0863489
구로동로15길,서울,구로구,구로2동,37.48820038,126.882541
구로동로28길,서울,구로구,구로2동,37.49169307,126.8885173
구로동로38길,서울,구로구,구로2동,37.49488757,126.8842833
구로동로41길,서울,구로구,구로2동,37.49420891,126.8813556
구로동로42길,서울,구로구,구로2동,37.49756319,126.883906
서초대로25길,서울,서초구,방배4동,37.49006959,126.9930233
양지길,서울,관악구,삼성동,37.47101119,126.9307707
월드컵로10길,서울,마포구,서교동,37.55550451,126.9128904
월드컵로11길,서울,마포구,망원1동,37.55446491,126.9083308
국회대로7길,서울,강서구,화곡2동,37.53010643,126.8582305
신림로11길,서울,관악구,대학동,37.46699735,126.9392637
신림로28길,서울,관악구,서림동,37.47278891,126.9356075
신림로38길,서울,관악구,서림동,37.475881,126.938646
신림로48길,서울,관악구,서원동,37.4789148,126.9338386
관악로10길,서울,관악구,낙성대동,37.47669897,126.9542355
관악로14길,서울,관악구,낙성대동,37.47871729,126.9543813
학동로6길,서울,강남구,논현1동,37.51103321,127.0265687
학동로77길,서울,강남구,청담동,37.52030674,127.0481214
개봉로20길,서울,구로구,개봉2동,37.49271654,126.8597034
개봉로23가길,서울,구로구,개봉1동,37.49570701,126.858974
개봉로2길,서울,구로구,개봉3동,37.48908327,126.8578558
신목로6길,서울,양천구,신정2동,37.52096188,126.8747069
신월로15길,서울,양천구,신월4동,37.52008347,126.8410666
공원로6가길,서울,구로구,구로5동,37.50377708,126.8901392
동호로10길,서울,중구,청구동,37.55666215,127.0131962
동호로11길,서울,중구,다산동,37.55184235,127.0069372
동호로15길,서울,중구,다산동,37.55543725,127.0082277
상계로9가길,서울,노원구,상계2동,37.6595269,127.0686673
한천로46길,서울,동대문구,장안2동,37.58177917,127.0712337
휘경로14길,서울,동대문구,휘경1동,37.59342442,127.0634772
휘경로23길,서울,동대문구,이문1동,37.59699985,127.0662206
휘경로2길,서울,동대문구,이문1동,37.59511083,127.0605119
도봉로143길,서울,도봉구,방학1동,37.66227933,127.0392934
도봉로147길,서울,도봉구,방학1동,37.66463039,127.0407567
청룡길,서울,관악구,청룡동,37.48071425,126.9465676
신림로64길,서울,관악구,신림동,37.48550969,126.9329508
성미산로32길,서울,마포구,연남동,37.56304408,126.9233173
성산로4길,서울,마포구,성산1동,37.56361902,126.9083083
고무래로8길,서울,서초구,반포4동,37.50065616,127.0104722
남부순환로317길,서울,서초구,서초3동,37.48184307,127.0110123
남부순환로325길,서울,서초구,서초3동,37.48286996,127.0135677
남부순환로339길,서울,서초구,서초1동,37.48431042,127.0213469
논현로1길,서울,서초구,양재2동,37.47155309,127.0485649
천호대로170길,서울,강동구,성내2동,37.53298298,127.1319658
천호대로187길,서울,강동구,길동,37.53507913,127.1424578
증산로17길,서울,은평구,신사2동,37.59062375,126.9108341
갈현로33길,서울,은평구,갈현2동,37.62135876,126.9138784
갈현로41길,서울,은평구,갈현1동,37.62523369,126.9148141
석계로1길,서울,노원구,월계1동,37.61639105,127.0627378
한글비석로22길,서울,노원구,중계4동,37.66041533,127.0745048
고척로21나길,서울,구로구,개봉1동,37.5022838,126.8441917
고척로27길,서울,구로구,개봉1동,37.50488122,126.8461203
고척로27다길,서울,구로구,고척2동,37.50525367,126.848472
방배로18길,서울,서초구,방배1동,37.48587104,126.9964157
면목로55길,서울,중랑구,면목본동,37.58437316,127.0860677
창신5길,서울,종로구,창신2동,37.57437586,127.0120673
창신길,서울,종로구,창신2동,37.57621406,127.010279
뚝섬로48길,서울,광진구,자양2동,37.53121188,127.0765483
뚝섬로54길,서울,광진구,자양2동,37.52937115,127.0805853
뚝섬로58길,서울,광진구,자양2동,37.53061192,127.0843314
뚝섬로64길,서울,광진구,자양2동,37.53195195,127.0877045
면목로48길,서울,중랑구,면목3.8동,37.58235084,127.0915109
중앙로25길,서울,양천구,신정3동,37.51635884,126.8522615
남현3길,서울,관악구,남현동,37.47551653,126.9784069
경인로15길,서울,구로구,오류1동,37.49600476,126.8382114
경인로31길,서울,구로구,개봉1동,37.50058846,126.8500307
여의대방로61길,서울,영등포구,신길1동,37.51494853,126.9230611
영등포로25길,서울,영등포구,당산1동,37.52265957,126.8973288
영등포로27길,서울,영등포구,당산1동,37.52216587,126.8994789
영등포로35길,서울,영등포구,영등포동,37.52169115,126.9028392
종로65길,서울,종로구,숭인2동,37.57596059,127.019641
지봉로8길,서울,종로구,숭인1동,37.57641156,127.0165393
창경궁로35길,서울,종로구,혜화동,37.58707147,127.0012454
은평로20길,서울,은평구,응암1동,37.5993424,126.9337321
은평로3길,서울,은평구,역촌동,37.60037526,126.9146047
다산로39길,서울,중구,신당동,37.56430255,127.013673
강서로47길,서울,강서구,발산1동,37.55315512,126.8316485
강서로47라길,서울,강서구,발산1동,37.55130998,126.8329881
행운길,서울,관악구,행운동,37.47976458,126.9602484
호암로20길,서울,관악구,대학동,37.46794074,126.9342665
호암로24길,서울,관악구,대학동,37.47004066,126.9352933
영등포로84길,서울,영등포구,신길1동,37.51161414,126.9220353
신사로20길,서울,관악구,신사동,37.4879687,126.9175483
신원로3길,서울,관악구,신원동,37.48119033,126.9269963
양녕로6길,서울,관악구,중앙동,37.48375187,126.9493355
은천로25길,서울,관악구,성현동,37.48771617,126.9490162
인헌길,서울,관악구,인헌동,37.47172978,126.9674538
장군봉1길,서울,관악구,청룡동,37.48192863,126.9423495
장군봉2길,서울,관악구,청룡동,37.4826747,126.9388326
백제고분로33길,서울,송파구,석촌동,37.50502039,127.0997856
백제고분로34길,서울,송파구,석촌동,37.50097519,127.0994184
까치산로4길,서울,강서구,화곡본동,37.54078541,126.84556
남부순환로11길,서울,강서구,공항동,37.55590435,126.814406
가마산로61길,서울,영등포구,신길3동,37.50668212,126.9049171
경인로77길,서울,영등포구,문래동,37.51301546,126.8935077
경인로80길,서울,영등포구,문래동,37.51139504,126.8950595
경인로90길,서울,영등포구,문래동,37.51407653,126.9014578
연서로11길,서울,은평구,구산동,37.60785226,126.9129426
연서로13길,서울,은평구,구산동,37.61037562,126.9137438
연서로16길,서울,은평구,역촌동,37.60880195,126.918038
경인로35길,서울,구로구,개봉1동,37.4997004,126.8531651
경인로47길,서울,구로구,고척1동,37.50118362,126.8654099
솔샘로6길,서울,성북구,정릉3동,37.60937082,127.0065461
아리랑로4길,서울,성북구,동선동,37.59532324,127.0176871
다산로33길,서울,중구,신당동,37.56253675,127.0123371
다산로36길,서울,중구,동화동,37.56123835,127.0194673
다산로38길,서울,중구,동화동,37.56259925,127.0169324
한강대로52길,서울,용산구,한강로동,37.53159381,126.9721682
한강대로62길,서울,용산구,한강로동,37.53381065,126.9738306
한강대로7길,서울,용산구,한강로동,37.52449989,126.9613786
한강대로88길,서울,용산구,남영동,37.54482965,126.9728083
한남대로20길,서울,용산구,한남동,37.53490344,127.0086667
모래내로7길,서울,마포구,성산2동,37.56810793,126.9108496
방울내로9안길,서울,마포구,망원2동,37.56077475,126.9007286
백범로16길,서울,마포구,대흥동,37.54601796,126.9442805
성미산로11길,서울,마포구,성산1동,37.5629671,126.9161188
성미산로1길,서울,마포구,성산1동,37.56044685,126.9074633
도산대로89길,서울,강남구,청담동,37.52636907,127.0514739
등촌로13길,서울,강서구,화곡4동,37.53631699,126.8604703
국회대로56길,서울,영등포구,영등포동,37.52230066,126.9102141
만양로8길,서울,동작구,노량진1동,37.50937521,126.9464114
진황도로47길,서울,강동구,길동,37.53692806,127.1408886
천중로39길,서울,강동구,천호1동,37.54359657,127.1399506
천중로51길,서울,강동구,명일1동,37.544672,127.1447392
천호대로162길,서울,강동구,성내2동,37.53543783,127.1282137
당산로38길,서울,영등포구,당산2동,37.52853594,126.899459
안암로5길,서울,성북구,안암동,37.58215876,127.0233334
오패산로19길,서울,성북구,월곡1동,37.60973557,127.0337955
강서로45길,서울,강서구,화곡3동,37.54767224,126.8346144
강서로45다길,서울,강서구,화곡3동,37.54506887,126.8349822
은평로8길,서울,은평구,응암1동,37.59727859,126.9184696
응암로12길,서울,은평구,응암3동,37.58723272,126.9187523
응암로13길,서울,은평구,응암3동,37.5893747,126.9153532
금호산길,서울,성동구,금호2.3가동,37.55196717,127.0189783
둘레9길,서울,성동구,성수1가1동,37.53762259,127.0514364
뚝섬로5길,서울,성동구,성수2가1동,37.54254227,127.0509192
마장로27길,서울,성동구,마장동,37.56780282,127.0357008
공릉로12가길,서울,중랑구,묵1동,37.6176764,127.0823795
자양로26길,서울,광진구,구의1동,37.54126021,127.0864481
자양로45길,서울,광진구,중곡4동,37.55434946,127.0894849
방배로35길,서울,서초구,방배본동,37.49234879,126.9885791
도신로60길,서울,영등포구,신길1동,37.5107005,126.9167202
도신로62길,서울,영등포구,신길1동,37.51082808,126.9187899
디지털로37길,서울,영등포구,대림2동,37.49084544,126.8977229
디지털로57길,서울,영등포구,대림2동,37.49227079,126.899779
디지털로74길,서울,영등포구,대림1동,37.49487162,126.9070354
남현2길,서울,관악구,남현동,37.47550676,126.9746197
증가로20가길,서울,서대문구,북가좌2동,37.58074593,126.9192801
당산로46길,서울,영등포구,당산2동,37.53375683,126.9043962
남현길,서울,관악구,남현동,37.47376806,126.9757847
당곡길,서울,관악구,보라매동,37.49090404,126.9283777
대학14길,서울,관악구,대학동,37.46521151,126.9357836
대학길,서울,관악구,대학동,37.46762701,126.9372623
미성5길,서울,관악구,미성동,37.47458678,126.9148158
거마로20길,서울,송파구,마천2동,37.49835581,127.148506
응암로14길,서울,은평구,응암3동,37.59004444,126.919655
응암로22길,서울,은평구,응암3동,37.59343256,126.9202402
수색로18길,서울,은평구,수색동,37.58453787,126.8948097
한강대로43길,서울,용산구,한강로동,37.53159306,126.9691588
통일로12길,서울,종로구,교남동,37.57479366,126.9614998
방배로42길,서울,서초구,방배본동,37.49446632,126.9904107
사임당로17길,서울,서초구,서초1동,37.49313187,127.0178213
사평대로22길,서울,서초구,반포4동,37.49806169,126.9972407
통일로87길,서울,은평구,갈현1동,37.62386687,126.9186105
통일로92길,서울,은평구,불광2동,37.62503137,126.9219169
연서로34길,서울,은평구,불광2동,37.62143179,126.9288191
양산길,서울,관악구,삼성동,37.47367008,126.9323509
도림로12길,서울,구로구,구로3동,37.48671094,126.8889883
화곡로20길,서울,강서구,화곡1동,37.53875287,126.8349848
화곡로31길,서울,강서구,우장산동,37.54431976,126.8406078
화곡로44나길,서울,강서구,화곡6동,37.54892562,126.8488023
화곡로59길,서울,강서구,화곡6동,37.55456691,126.8496171
화곡로64길,서울,강서구,등촌1동,37.55591715,126.8558389
선유로55길,서울,영등포구,양평2동,37.53767843,126.8963805
선유서로24길,서울,영등포구,양평1동,37.52328209,126.8883119
백제고분로39길,서울,송파구,석촌동,37.5060167,127.1041978
백제고분로42길,서울,송파구,송파1동,37.50474961,127.1104503
백제고분로45길,서울,송파구,송파1동,37.50991322,127.1095305
백제고분로46길,서울,송파구,송파1동,37.50757497,127.1144356
백제고분로50길,서울,송파구,방이2동,37.51328439,127.1174417
삼전로13길,서울,송파구,잠실본동,37.50661607,127.087279
봉은사로109길,서울,강남구,삼성1동,37.51755231,127.0618066
평창길,서울,종로구,평창동,37.6123868,126.9755926
필운대로1길,서울,종로구,사직동,37.57806583,126.9666151
광성로6길,서울,마포구,신수동,37.54824965,126.9386433
대흥로21길,서울,마포구,대흥동,37.55419845,126.9430748
후암로28길,서울,용산구,후암동,37.54918287,126.9797323
송정12라길,서울,성동구,송정동,37.55135437,127.0681379
송정4가길,서울,성동구,송정동,37.54897774,127.0645824
아차산로11길,서울,성동구,성수2가3동,37.54561958,127.0596911
아차산로15길,서울,성동구,성수2가3동,37.54532049,127.0630856
아차산로5길,서울,성동구,성수2가3동,37.54852401,127.0529602
왕십리로14길,서울,성동구,성수1가2동,37.54946407,127.045741
왕십리로21길,서울,성동구,행당1동,37.55935269,127.0314412
장승배기로10길,서울,동작구,상도2동,37.50449824,126.9410994
디지털로27길,서울,구로구,가리봉동,37.48386489,126.8902023
디지털로32가길,서울,구로구,구로3동,37.48074535,126.8979628
디지털로32길,서울,구로구,구로3동,37.48326124,126.9004016
부일로11길,서울,구로구,수궁동,37.49778683,126.8304159
부일로15길,서울,구로구,수궁동,37.49423212,126.8334092
만양로14길,서울,동작구,노량진1동,37.51180837,126.947405
선유서로28길,서울,영등포구,양평1동,37.52458829,126.8880385
장승배기로19길,서울,동작구,노량진2동,37.50797472,126.9383483
장승배기로27길,서울,동작구,노량진2동,37.51112837,126.9386172
흑석로13길,서울,동작구,흑석동,37.50982202,126.9598253
흑석로9길,서울,동작구,흑석동,37.50796536,126.9581185
강남대로118길,서울,강남구,논현1동,37.50810459,127.0281058
강남대로136길,서울,강남구,논현1동,37.51312401,127.0244316
강남대로140길,서울,강남구,논현1동,37.51467413,127.0224414
봉천로13길,서울,관악구,보라매동,37.49118516,126.9314192
명륜길,서울,종로구,혜화동,37.58872019,126.9949955
백석동길,서울,종로구,부암동,37.59711313,126.9677616
오패산로3길,서울,성북구,월곡1동,37.60671687,127.0351305
통일로78길,서울,은평구,불광2동,37.61881714,126.9259105
장한로14길,서울,동대문구,장안1동,37.5656342,127.0698035
회나무로13길,서울,용산구,이태원2동,37.54075991,126.9908008
효창원로39길,서울,용산구,용문동,37.53801385,126.9582714
장한로25길,서울,동대문구,장안1동,37.57203217,127.06827
긴고랑로7길,서울,광진구,중곡1동,37.56575412,127.0796284
긴고랑로8길,서울,광진구,중곡1동,37.56188147,127.0771795
긴고랑로9길,서울,광진구,중곡3동,37.5652116,127.0824349
등촌로39길,서울,강서구,등촌2동,37.54613772,126.8603275
등촌로51길,서울,강서구,등촌2동,37.54903089,126.8611482
등촌로55길,서울,강서구,등촌2동,37.55032872,126.8614853
등촌로5길,서울,강서구,화곡4동,37.53384172,126.8625793
방화대로21길,서울,강서구,공항동,37.56284855,126.8128381
방화대로6라길,서울,강서구,공항동,37.55499981,126.8179166
공항대로38길,서울,강서구,우장산동,37.55778942,126.8404206
공항대로42길,서울,강서구,우장산동,37.55711779,126.8435004
대림로22길,서울,영등포구,대림1동,37.49497704,126.9036654
대림로29길,서울,영등포구,대림3동,37.49465621,126.8971636
대림로31길,서울,영등포구,대림3동,37.49708828,126.8964253
대림로34길,서울,영등포구,대림3동,37.49965022,126.8999953
대림로44길,서울,영등포구,대림3동,37.5024599,126.8982952
화곡로3길,서울,양천구,신월5동,37.5413101,126.8275564
화곡로4길,서울,양천구,신월5동,37.53794122,126.8281412
도봉로18길,서울,강북구,송중동,37.62044922,127.0305268
도봉로45길,서울,강북구,미아동,37.62417155,127.0252156
도봉로67길,서울,강북구,미아동,37.62977629,127.0222267
도봉로76길,서울,강북구,미아동,37.6331904,127.0253206
도봉로8길,서울,강북구,송중동,37.61093422,127.0326068
응암로34길,서울,은평구,응암1동,37.59737976,126.9215156
도화4길,서울,마포구,도화동,37.53921835,126.9508821
자양로50길,서울,광진구,구의2동,37.55194902,127.0943482
자양로53길,서울,광진구,중곡4동,37.55607878,127.0902565
자양번영로3길,서울,광진구,자양3동,37.53147509,127.0735278
천호대로109길,서울,광진구,중곡2동,37.55795899,127.0818497
천호대로123길,서울,광진구,중곡2동,37.55612611,127.0872348
광나루로52길,서울,광진구,구의3동,37.54049917,127.0920029
종암로19길,서울,성북구,종암동,37.59805022,127.032035
동광로1길,서울,서초구,방배본동,37.49450165,126.9839198
증가로23나길,서울,서대문구,북가좌2동,37.57981356,126.9131564
증가로6길,서울,서대문구,홍은2동,37.57807555,126.9278868
충정로4길,서울,서대문구,충현동,37.56079306,126.9642799
충정로6길,서울,서대문구,충현동,37.56281216,126.9672444
통일로11길,서울,서대문구,천연동,37.56926178,126.9621931
통일로37길,서울,서대문구,홍제1동,37.58699537,126.9445217
통일로39길,서울,서대문구,홍제1동,37.58773329,126.9426529
홍연길,서울,서대문구,연희동,37.57585135,126.9299719
홍제내길,서울,서대문구,홍제1동,37.58665816,126.9368682
성지3길,서울,마포구,합정동,37.54651432,126.9153225
숭문8길,서울,마포구,염리동,37.55165952,126.9471281
숭문길,서울,마포구,염리동,37.54819897,126.9455463
도화길,서울,마포구,도화동,37.54086678,126.9499305
독막로22길,서울,마포구,서강동,37.54688367,126.9289013
독막로32길,서울,마포구,신수동,37.54583428,126.9373326
독막로8길,서울,마포구,합정동,37.54700273,126.9179699
동교로17길,서울,마포구,서교동,37.55670473,126.915492
계동길,서울,종로구,가회동,37.58204315,126.986403
난계로27길,서울,종로구,숭인2동,37.57321203,127.0225948
돈화문로11가길,서울,종로구,종로1.2.3.4가동,37.57566433,126.9884192
연서로3길,서울,은평구,역촌동,37.60236463,126.9121224
연서로41길,서울,은평구,불광2동,37.62520576,126.9269124
갈현로7길,서울,은평구,역촌동,37.60366816,126.9083044
불광천길,서울,은평구,응암3동,37.59420468,126.9162876
서오릉로21길,서울,은평구,구산동,37.61388484,126.9076236
서오릉로8길,서울,은평구,대조동,37.60906696,126.9235872
암사길,서울,강동구,암사1동,37.5518275,127.1358241
낙성대역길,서울,관악구,인헌동,37.47513421,126.9627719
난곡로24길,서울,관악구,난곡동,37.46835643,126.921515
난곡로26길,서울,관악구,난곡동,37.47000607,126.9227115
난곡로34길,서울,관악구,난곡동,37.47230252,126.9210135
난곡로74길,서울,관악구,신사동,37.48631802,126.9149495
봉은사로29길,서울,강남구,논현2동,37.50996769,127.0354696
봉은사로43길,서울,강남구,논현2동,37.51082204,127.040458
봉은사로57길,서울,강남구,삼성2동,37.51345153,127.0444635
봉은사로68길,서울,강남구,삼성2동,37.51060142,127.0516893
삼성로115길,서울,강남구,삼성2동,37.51419744,127.0493277
삼성로147길,서울,강남구,청담동,37.52216341,127.0466067
삼성로57길,서울,강남구,대치1동,37.49720024,127.0586009
중앙로15길,서울,구로구,고척2동,37.50691066,126.8549605
서울 서초구 방배역,서울,서초구,방배1동,37.48269051,126.99749
매봉역,서울,강남구,도곡2동,37.48510624,127.0434856
문정역,서울,송파구,문정1동,37.48607663,127.1237084
양재역,서울,강남구,도곡1동,37.48589263,127.0360349
신대방삼거리역,서울,동작구,상도3동,37.49891382,126.9280987
교대역_4,서울,서초구,서초4동,37.49570014,127.0149609
대림역_1,서울,구로구,구로4동,37.49583084,126.8908181
은마아파트입구사거리_1,서울,강남구,대치1동,37.49792007,127.0605352
서울 영등포구 영등포시장역,서울,영등포구,영등포동,37.52014636,126.9090289
학동사거리_2,서울,강남구,청담동,37.52243598,127.0404416
서울 양천구 신정네거리역_2,서울,양천구,신정4동,37.52164046,126.8536651
서울 영등포구 여의도역_1,서울,영등포구,여의동,37.52054761,126.9292091
청담사거리_1,서울,강남구,청담동,37.52353291,127.0466641
청담사거리_2,서울,강남구,청담동,37.52376625,127.0489494
청담역_1,서울,강남구,청담동,37.52248418,127.0549554
청담역_2,서울,강남구,청담동,37.5231232,127.0564265
영등포유통상가,서울,영등포구,당산1동,37.52258427,126.8936864
청담사거리_3,서울,강남구,청담동,37.52510852,127.0494707
서울 영등포구 여의도역_2,서울,영등포구,여의동,37.52368993,126.9256653
아현가구거리상점가,서울,서대문구,북아현동,37.5577369,126.9588036
영등포전통시장,서울,영등포구,영등포동,37.5170981,126.905379
영등포청과시장,서울,영등포구,당산1동,37.52144614,126.9007468
도림시장,서울,영등포구,도림동,37.50983928,126.8984661
영일시장,서울,영등포구,문래동,37.51739192,126.9010915
양남시장,서울,영등포구,양평1동,37.52286131,126.8911972
대신시장,서울,영등포구,신길1동,37.51107053,126.9175907
사러가시장,서울,영등포구,신길3동,37.50627145,126.9097469
봉일시장,서울,관악구,은천동,37.48585519,126.9386944
봉천현대시장,서울,관악구,은천동,37.48654379,126.9465974
봉천중앙시장,서울,관악구,중앙동,37.48430358,126.9544683
인헌시장,서울,관악구,인헌동,37.4744954,126.9657681
종암로21길,서울,성북구,종암동,37.60098751,127.0318324
용마산로94길,서울,중랑구,면목3.8동,37.5882194,127.0988436
중랑천로10길,서울,중랑구,면목2동,37.59156195,127.0744814
길음로7길,서울,성북구,길음1동,37.60389978,127.0228872
돌곶이로14길,서울,성북구,석관동,37.60838175,127.0618024
돌곶이로22길,서울,성북구,석관동,37.61022088,127.0596408
연서로17길,서울,은평구,갈현2동,37.6135207,126.9146123
신사동 가로수길,서울,강남구,신사동,37.52142232,127.024061
오목교역,서울,양천구,목1동,37.52525101,126.8750505
서울 강동구 둔촌동역,서울,강동구,성내3동,37.52613253,127.1344878
압구정 로데오거리_1,서울,강남구,청담동,37.52530933,127.0428528
서울 영등포구 영등포구청역,서울,영등포구,당산1동,37.52600246,126.8975279
서울 강남구 압구정역,서울,강남구,압구정동,37.52507889,127.0305784
서울 종로구 종로3가역_3,서울,종로구,종로1.2.3.4가동,37.57373661,126.9939211
서울 종로구 경복궁역_1,서울,종로구,사직동,37.57684164,126.9710193
서울 종로구 안국역_1,서울,종로구,가회동,37.57829506,126.9868226
서울 종로구 안국역_2,서울,종로구,삼청동,37.57746584,126.9843096
서울 종로구 경복궁역_2,서울,종로구,사직동,37.57744578,126.9730229
서울 동대문구 청량리역,서울,동대문구,전농1동,37.58070116,127.0468583
디지털미디어시티,서울,마포구,상암동,37.58034393,126.8900721
혜화역 대학로_1,서울,종로구,이화동,37.58233221,127.003136
신원시장,서울,관악구,신원동,37.4826411,126.9272324
동진시장,서울,마포구,연남동,37.56232549,126.9268041
마포농수산물시장,서울,마포구,성산2동,37.56363623,126.8964351
인왕시장,서울,서대문구,홍제3동,37.59089607,126.9432733
포방터시장,서울,서대문구,홍은1동,37.59892649,126.9489405
모래내시장,서울,서대문구,남가좌1동,37.57078728,126.9154648
백련시장,서울,서대문구,남가좌2동,37.57697333,126.9231105
공덕시장,서울,마포구,아현동,37.54453507,126.9529041
마포시장,서울,마포구,아현동,37.54515689,126.9532206
아현시장,서울,마포구,아현동,37.55655516,126.9548771
신수시장,서울,마포구,신수동,37.54525656,126.9353302
서교시장,서울,마포구,서교동,37.55339323,126.9215391
영진시장,서울,마포구,서교동,37.55342317,126.9128476
합정시장,서울,마포구,합정동,37.54824271,126.9132157
망원시장,서울,마포구,망원1동,37.55630116,126.9060651
청파로47나길,서울,용산구,청파동,37.54713501,126.9680094
청파로71길,서울,용산구,청파동,37.54948635,126.9670465
청파로73길,서울,용산구,청파동,37.55208129,126.9672944
자양로15길,서울,광진구,자양1동,37.53583083,127.0813051
한림말3길,서울,성동구,옥수동,37.54302066,127.0162151
한림말길,서울,성동구,옥수동,37.54093971,127.0133519
광나루로12길,서울,광진구,화양동,37.54725449,127.0687227
압구정 로데오거리_2,서울,강남구,압구정동,37.52611314,127.0371968
국회의사당역_1,서울,영등포구,여의동,37.52745057,126.9173238
서울 용산구 신용산역,서울,용산구,한강로동,37.52979118,126.9696234
국회의사당역_2,서울,영등포구,여의동,37.52925456,126.9202068
용산 전자상가_1,서울,용산구,한강로동,37.5296713,126.960369
용산구청,서울,용산구,이태원1동,37.53238056,126.9902814
용산 전자상가_2,서울,용산구,한강로동,37.53308783,126.9659224
목동사거리,서울,양천구,목4동,37.53249195,126.8640752
한남오거리,서울,용산구,한남동,37.53313763,127.006234
혜화역 대학로_2,서울,종로구,혜화동,37.5838369,126.9986867
혜화역 대학로_3,서울,종로구,혜화동,37.58298998,127.0002604
서울 성북구 안암역,서울,성북구,안암동,37.58582438,127.0296408
경희대학교,서울,동대문구,회기동,37.59237579,127.0521874
서울 성북구 성신여대입구역,서울,성북구,동선동,37.5912958,127.0177314
미아사거리_1,서울,성북구,월곡1동,37.60729497,127.0297966
서울 중구 을지로3가역_1,서울,중구,을지로동,37.56542933,126.9921674
동대문역사문화공원역,서울,중구,광희동,37.56562771,127.0048218
서울 강동구 천호역_1,서울,강동구,성내2동,37.53722416,127.1260331
망원월드컵시장,서울,마포구,망원2동,37.55812966,126.9054063
신월7동골목시장,서울,양천구,신월7동,37.52289279,126.8332211
신정제일시장,서울,양천구,신정1동,37.52091148,126.8543339
신정2동골목시장,서울,양천구,신정2동,37.521153,126.8765279
신정3동골목시장,서울,양천구,신정3동,37.51872039,126.8530034
목2동시장,서울,양천구,목2동,37.54628747,126.8732727
목3동시장,서울,양천구,목3동,37.54861182,126.86494
동묘시장,서울,종로구,숭인2동,37.57248292,127.0186213
창동신창시장,서울,도봉구,창2동,37.63970144,127.0370041
창동골목시장,서울,도봉구,창3동,37.63856549,127.0391789
신도봉시장,서울,도봉구,도봉1동,37.67027023,127.0416099
연서로21길,서울,은평구,갈현2동,37.61527834,126.9155957
연서로27길,서울,은평구,갈현2동,37.61788319,126.9169973
연서로28길,서울,은평구,대조동,37.61621043,126.9214958
연서로29길,서울,은평구,갈현1동,37.6205055,126.9176174
연서로33길,서울,은평구,불광2동,37.62187951,126.9243556
증산로21길,서울,은평구,신사1동,37.59641835,126.9124691
퇴계로56길,서울,중구,장충동,37.56239313,127.004833
서울 용산구 이태원역,서울,용산구,이태원1동,37.5339666,126.994705
용산 전자상가_3,서울,용산구,원효로2동,37.53299502,126.9575614
서울 광진구 강변역,서울,광진구,구의3동,37.53578381,127.0959458
당산역_1,서울,영등포구,양평2동,37.53440144,126.8994398
용산 전자상가_4,서울,용산구,원효로1동,37.53514921,126.9598344
용산 전자상가_5,서울,용산구,원효로1동,37.53464617,126.9645866
서울 강동구 길동역,서울,강동구,길동,37.53603024,127.1381941
도산공원사거리_1,서울,강남구,압구정동,37.5206458,127.0311535